PRAGMA defer_foreign_keys=TRUE;
CREATE TABLE users (
  id TEXT PRIMARY KEY,
  email TEXT UNIQUE NOT NULL,
  password_hash TEXT NOT NULL,
  role TEXT NOT NULL DEFAULT 'subcontractor',
  first_name TEXT,
  last_name TEXT,
  company_name TEXT,
  phone TEXT,
  lang TEXT DEFAULT 'fr',
  is_active INTEGER DEFAULT 1,
  invite_token TEXT,
  invite_expires_at TEXT,
  created_at TEXT DEFAULT (datetime('now')),
  updated_at TEXT DEFAULT (datetime('now'))
, company_id TEXT REFERENCES companies(id) ON DELETE SET NULL, user_type TEXT DEFAULT 'subcontractor', access_level TEXT NOT NULL DEFAULT 'editeur');
INSERT INTO "users" ("id","email","password_hash","role","first_name","last_name","company_name","phone","lang","is_active","invite_token","invite_expires_at","created_at","updated_at","company_id","user_type","access_level") VALUES('user_admin_001','admin@planningia.fr','pbkdf2:100000:85790d37f38abc1eb802538eb32d26f8:874d84acca25a9b5383cf9f140077ff5d38dfc6fa427b643599f7a360c5b680f','admin','Admin','PlanningIA','Entreprise Générale Demo',NULL,'fr',1,NULL,NULL,'2026-03-05 21:43:41','2026-03-07 10:04:07','comp_df','employee','admin');
INSERT INTO "users" ("id","email","password_hash","role","first_name","last_name","company_name","phone","lang","is_active","invite_token","invite_expires_at","created_at","updated_at","company_id","user_type","access_level") VALUES('user_st_001','vrd@demo.fr','pbkdf2:100000:c04e24fb664db020245fa4786a43a391:78658ece29f4c694c4b638ceb0d9a4824c47e7834b2f21379ca097d596addb66','subcontractor','Mehmet','YILMAZ','YILMAZ VRD',NULL,'tr',1,NULL,NULL,'2026-03-05 21:43:41','2026-03-05 21:43:41',NULL,'subcontractor','editeur');
INSERT INTO "users" ("id","email","password_hash","role","first_name","last_name","company_name","phone","lang","is_active","invite_token","invite_expires_at","created_at","updated_at","company_id","user_type","access_level") VALUES('user_st_002','go@demo.fr','pbkdf2:100000:c04e24fb664db020245fa4786a43a391:78658ece29f4c694c4b638ceb0d9a4824c47e7834b2f21379ca097d596addb66','subcontractor','Jean','MARTIN','MARTIN Gros Œuvre',NULL,'fr',1,NULL,NULL,'2026-03-05 21:43:41','2026-03-07 13:53:32',NULL,'subcontractor','editeur');
INSERT INTO "users" ("id","email","password_hash","role","first_name","last_name","company_name","phone","lang","is_active","invite_token","invite_expires_at","created_at","updated_at","company_id","user_type","access_level") VALUES('user_st_003','elec@demo.fr','pbkdf2:100000:c04e24fb664db020245fa4786a43a391:78658ece29f4c694c4b638ceb0d9a4824c47e7834b2f21379ca097d596addb66','subcontractor','Pierre','DUBOIS','DUBOIS Électricité',NULL,'fr',1,NULL,NULL,'2026-03-05 21:43:41','2026-03-05 21:43:41',NULL,'subcontractor','editeur');
INSERT INTO "users" ("id","email","password_hash","role","first_name","last_name","company_name","phone","lang","is_active","invite_token","invite_expires_at","created_at","updated_at","company_id","user_type","access_level") VALUES('user_st_004','plomb@demo.fr','pbkdf2:100000:c04e24fb664db020245fa4786a43a391:78658ece29f4c694c4b638ceb0d9a4824c47e7834b2f21379ca097d596addb66','subcontractor','Hasan','KAYA','KAYA Plomberie',NULL,'tr',1,NULL,NULL,'2026-03-05 21:43:41','2026-03-05 21:43:41',NULL,'subcontractor','editeur');
INSERT INTO "users" ("id","email","password_hash","role","first_name","last_name","company_name","phone","lang","is_active","invite_token","invite_expires_at","created_at","updated_at","company_id","user_type","access_level") VALUES('usr_admin_v2_001','bo@groupeg2o.com','pbkdf2:100000:8a812d6f63d79e7984c65dea831c8db7:b44cf5935896b4e839936abe800135285481c53d17b3d9abfc45e1818add82d1','admin','Admin','PlanningAI','PlanningIA Platform',NULL,'fr',1,NULL,NULL,'2026-03-05 21:56:34','2026-03-06 23:45:01',NULL,'employee','admin');
INSERT INTO "users" ("id","email","password_hash","role","first_name","last_name","company_name","phone","lang","is_active","invite_token","invite_expires_at","created_at","updated_at","company_id","user_type","access_level") VALUES('df_u001','serhat.guclu@designfacades.fr','pbkdf2:100000:dea2fc3f946785238ebe5fbf05c249a3:bcb18aeca60e01cc8237fb3de90862266f0ae55030c3cfcc970c1e637439df5e','admin','Serhat','GUCLU','DESIGN FACADES',NULL,'tr',1,NULL,NULL,'2026-03-05 22:41:33','2026-03-07 23:03:57','comp_df','employee','admin');
INSERT INTO "users" ("id","email","password_hash","role","first_name","last_name","company_name","phone","lang","is_active","invite_token","invite_expires_at","created_at","updated_at","company_id","user_type","access_level") VALUES('df_u002','zelal.guclu@designfacades.fr','pbkdf2:100000:dea2fc3f946785238ebe5fbf05c249a3:bcb18aeca60e01cc8237fb3de90862266f0ae55030c3cfcc970c1e637439df5e','admin','Zelal','GUCLU','DESIGN FACADES',NULL,'tr',1,NULL,NULL,'2026-03-05 22:41:33','2026-03-07 16:53:58','comp_df','employee','salarie');
INSERT INTO "users" ("id","email","password_hash","role","first_name","last_name","company_name","phone","lang","is_active","invite_token","invite_expires_at","created_at","updated_at","company_id","user_type","access_level") VALUES('df_u003','sandrine.trapp@designfacades.fr','pbkdf2:100000:dea2fc3f946785238ebe5fbf05c249a3:bcb18aeca60e01cc8237fb3de90862266f0ae55030c3cfcc970c1e637439df5e','admin','Sandrine','TRAPP','DESIGN FACADES',NULL,'fr',1,NULL,NULL,'2026-03-05 22:41:33','2026-03-07 16:53:58','comp_df','employee','salarie');
INSERT INTO "users" ("id","email","password_hash","role","first_name","last_name","company_name","phone","lang","is_active","invite_token","invite_expires_at","created_at","updated_at","company_id","user_type","access_level") VALUES('df_u004','celebi.ozkan@designfacades.fr','pbkdf2:100000:85790d37f38abc1eb802538eb32d26f8:874d84acca25a9b5383cf9f140077ff5d38dfc6fa427b643599f7a360c5b680f','admin','Celebi','OZKAN','DESIGN FACADES',NULL,'tr',1,NULL,NULL,'2026-03-05 22:41:33','2026-03-06 22:49:02','comp_df','employee','admin');
INSERT INTO "users" ("id","email","password_hash","role","first_name","last_name","company_name","phone","lang","is_active","invite_token","invite_expires_at","created_at","updated_at","company_id","user_type","access_level") VALUES('df_u005','ferhat.guclu@designfacades.fr','pbkdf2:100000:c04e24fb664db020245fa4786a43a391:78658ece29f4c694c4b638ceb0d9a4824c47e7834b2f21379ca097d596addb66','admin','Ferhat','GUCLU','DESIGN FACADES',NULL,'tr',1,NULL,NULL,'2026-03-05 22:41:33','2026-03-07 16:53:58','comp_df','employee','salarie');
INSERT INTO "users" ("id","email","password_hash","role","first_name","last_name","company_name","phone","lang","is_active","invite_token","invite_expires_at","created_at","updated_at","company_id","user_type","access_level") VALUES('df_u006','servet.guclu@designfacades.fr','pbkdf2:100000:b2c3d4e5f6a7b8c9d0e1f2a3b4c5d6e7:49394745ccae94648da65f340013106d6f0cbb18c7d52ff9c9d71f1057305699','admin','Servet','GUCLU','DESIGN FACADES',NULL,'tr',1,NULL,NULL,'2026-03-05 22:41:33','2026-03-07 16:53:58','comp_df','employee','salarie');
INSERT INTO "users" ("id","email","password_hash","role","first_name","last_name","company_name","phone","lang","is_active","invite_token","invite_expires_at","created_at","updated_at","company_id","user_type","access_level") VALUES('df_u007','thibaut.guclu@designfacades.fr','pbkdf2:100000:c04e24fb664db020245fa4786a43a391:78658ece29f4c694c4b638ceb0d9a4824c47e7834b2f21379ca097d596addb66','admin','Thibaut','GUCLU','DESIGN FACADES',NULL,'fr',1,NULL,NULL,'2026-03-05 22:41:33','2026-03-07 16:53:59','comp_df','employee','salarie');
INSERT INTO "users" ("id","email","password_hash","role","first_name","last_name","company_name","phone","lang","is_active","invite_token","invite_expires_at","created_at","updated_at","company_id","user_type","access_level") VALUES('df_u008','omer.demir@designfacades.fr','pbkdf2:100000:c04e24fb664db020245fa4786a43a391:78658ece29f4c694c4b638ceb0d9a4824c47e7834b2f21379ca097d596addb66','admin','Omer','DEMIR','DESIGN FACADES',NULL,'tr',1,NULL,NULL,'2026-03-05 22:41:33','2026-03-07 16:53:59','comp_df','employee','salarie');
INSERT INTO "users" ("id","email","password_hash","role","first_name","last_name","company_name","phone","lang","is_active","invite_token","invite_expires_at","created_at","updated_at","company_id","user_type","access_level") VALUES('df_u009','orhan.demir@designfacades.fr','pbkdf2:100000:c04e24fb664db020245fa4786a43a391:78658ece29f4c694c4b638ceb0d9a4824c47e7834b2f21379ca097d596addb66','admin','Orhan','DEMIR','DESIGN FACADES',NULL,'tr',1,NULL,NULL,'2026-03-05 22:41:33','2026-03-07 16:53:59','comp_df','employee','salarie');
INSERT INTO "users" ("id","email","password_hash","role","first_name","last_name","company_name","phone","lang","is_active","invite_token","invite_expires_at","created_at","updated_at","company_id","user_type","access_level") VALUES('df_u010','emir.hajdari@designfacades.fr','pbkdf2:100000:c04e24fb664db020245fa4786a43a391:78658ece29f4c694c4b638ceb0d9a4824c47e7834b2f21379ca097d596addb66','admin','Emir','HAJDARI','DESIGN FACADES',NULL,'fr',1,NULL,NULL,'2026-03-05 22:41:33','2026-03-07 16:53:59','comp_df','employee','salarie');
INSERT INTO "users" ("id","email","password_hash","role","first_name","last_name","company_name","phone","lang","is_active","invite_token","invite_expires_at","created_at","updated_at","company_id","user_type","access_level") VALUES('df_u011','mustafa.karakaya@designfacades.fr','pbkdf2:100000:c04e24fb664db020245fa4786a43a391:78658ece29f4c694c4b638ceb0d9a4824c47e7834b2f21379ca097d596addb66','admin','Mustafa','KARAKAYA','DESIGN FACADES',NULL,'tr',1,NULL,NULL,'2026-03-05 22:41:33','2026-03-07 16:54:00','comp_df','employee','salarie');
INSERT INTO "users" ("id","email","password_hash","role","first_name","last_name","company_name","phone","lang","is_active","invite_token","invite_expires_at","created_at","updated_at","company_id","user_type","access_level") VALUES('df_u012','sercan.kisabacak@designfacades.fr','pbkdf2:100000:c04e24fb664db020245fa4786a43a391:78658ece29f4c694c4b638ceb0d9a4824c47e7834b2f21379ca097d596addb66','admin','Sercan','KISABACAK','DESIGN FACADES',NULL,'tr',1,NULL,NULL,'2026-03-05 22:41:33','2026-03-07 16:54:00','comp_df','employee','salarie');
INSERT INTO "users" ("id","email","password_hash","role","first_name","last_name","company_name","phone","lang","is_active","invite_token","invite_expires_at","created_at","updated_at","company_id","user_type","access_level") VALUES('df_u013','soner.kivrak@designfacades.fr','pbkdf2:100000:c04e24fb664db020245fa4786a43a391:78658ece29f4c694c4b638ceb0d9a4824c47e7834b2f21379ca097d596addb66','admin','Soner','KIVRAK','DESIGN FACADES',NULL,'tr',1,NULL,NULL,'2026-03-05 22:41:33','2026-03-07 16:54:00','comp_df','employee','salarie');
INSERT INTO "users" ("id","email","password_hash","role","first_name","last_name","company_name","phone","lang","is_active","invite_token","invite_expires_at","created_at","updated_at","company_id","user_type","access_level") VALUES('df_u014','alija.omerovic@designfacades.fr','pbkdf2:100000:c04e24fb664db020245fa4786a43a391:78658ece29f4c694c4b638ceb0d9a4824c47e7834b2f21379ca097d596addb66','admin','Alija','OMEROVIC','DESIGN FACADES',NULL,'fr',1,NULL,NULL,'2026-03-05 22:41:33','2026-03-07 16:54:00','comp_df','employee','salarie');
INSERT INTO "users" ("id","email","password_hash","role","first_name","last_name","company_name","phone","lang","is_active","invite_token","invite_expires_at","created_at","updated_at","company_id","user_type","access_level") VALUES('df_u015','gursel.ozel@designfacades.fr','pbkdf2:100000:c04e24fb664db020245fa4786a43a391:78658ece29f4c694c4b638ceb0d9a4824c47e7834b2f21379ca097d596addb66','admin','Gursel','OZEL','DESIGN FACADES',NULL,'tr',1,NULL,NULL,'2026-03-05 22:41:33','2026-03-07 16:54:01','comp_df','employee','salarie');
INSERT INTO "users" ("id","email","password_hash","role","first_name","last_name","company_name","phone","lang","is_active","invite_token","invite_expires_at","created_at","updated_at","company_id","user_type","access_level") VALUES('df_u016','emrah.acar@designfacades.fr','pbkdf2:100000:c04e24fb664db020245fa4786a43a391:78658ece29f4c694c4b638ceb0d9a4824c47e7834b2f21379ca097d596addb66','admin','Emrah','ACAR','DESIGN FACADES',NULL,'tr',1,NULL,NULL,'2026-03-05 22:41:33','2026-03-07 16:54:01','comp_df','employee','salarie');
INSERT INTO "users" ("id","email","password_hash","role","first_name","last_name","company_name","phone","lang","is_active","invite_token","invite_expires_at","created_at","updated_at","company_id","user_type","access_level") VALUES('df_u024','ergin.berkoy@designfacades.fr','pbkdf2:100000:c04e24fb664db020245fa4786a43a391:78658ece29f4c694c4b638ceb0d9a4824c47e7834b2f21379ca097d596addb66','admin','Ergin','BERKOY','DESIGN FACADES',NULL,'tr',1,NULL,NULL,'2026-03-05 22:41:33','2026-03-07 16:54:01','comp_df','employee','salarie');
INSERT INTO "users" ("id","email","password_hash","role","first_name","last_name","company_name","phone","lang","is_active","invite_token","invite_expires_at","created_at","updated_at","company_id","user_type","access_level") VALUES('df_u018','sercan.aktas@designfacades.fr','pbkdf2:100000:c04e24fb664db020245fa4786a43a391:78658ece29f4c694c4b638ceb0d9a4824c47e7834b2f21379ca097d596addb66','admin','Sercan','AKTAS','DESIGN FACADES',NULL,'tr',1,NULL,NULL,'2026-03-05 22:41:33','2026-03-07 16:54:01','comp_df','employee','salarie');
INSERT INTO "users" ("id","email","password_hash","role","first_name","last_name","company_name","phone","lang","is_active","invite_token","invite_expires_at","created_at","updated_at","company_id","user_type","access_level") VALUES('df_u019','ali.altun@designfacades.fr','pbkdf2:100000:c04e24fb664db020245fa4786a43a391:78658ece29f4c694c4b638ceb0d9a4824c47e7834b2f21379ca097d596addb66','admin','Ali','ALTUN','DESIGN FACADES',NULL,'tr',1,NULL,NULL,'2026-03-05 22:41:33','2026-03-07 16:54:02','comp_df','employee','salarie');
INSERT INTO "users" ("id","email","password_hash","role","first_name","last_name","company_name","phone","lang","is_active","invite_token","invite_expires_at","created_at","updated_at","company_id","user_type","access_level") VALUES('df_u021','muhammed.aslan@designfacades.fr','pbkdf2:100000:c04e24fb664db020245fa4786a43a391:78658ece29f4c694c4b638ceb0d9a4824c47e7834b2f21379ca097d596addb66','admin','Muhammed','ASLAN','DESIGN FACADES',NULL,'tr',1,NULL,NULL,'2026-03-05 22:41:33','2026-03-07 16:54:02','comp_df','employee','salarie');
INSERT INTO "users" ("id","email","password_hash","role","first_name","last_name","company_name","phone","lang","is_active","invite_token","invite_expires_at","created_at","updated_at","company_id","user_type","access_level") VALUES('df_u029','inan.dogu@designfacades.fr','pbkdf2:100000:c04e24fb664db020245fa4786a43a391:78658ece29f4c694c4b638ceb0d9a4824c47e7834b2f21379ca097d596addb66','admin','Inan','DOGU','DESIGN FACADES',NULL,'tr',1,NULL,NULL,'2026-03-05 22:41:33','2026-03-07 16:54:02','comp_df','employee','salarie');
INSERT INTO "users" ("id","email","password_hash","role","first_name","last_name","company_name","phone","lang","is_active","invite_token","invite_expires_at","created_at","updated_at","company_id","user_type","access_level") VALUES('df_u031','misbullah.khozakhail@designfacades.fr','pbkdf2:100000:c04e24fb664db020245fa4786a43a391:78658ece29f4c694c4b638ceb0d9a4824c47e7834b2f21379ca097d596addb66','admin','Misbullah','KHOZAKHAIL','DESIGN FACADES',NULL,'fr',1,NULL,NULL,'2026-03-05 22:41:33','2026-03-07 16:54:02','comp_df','employee','salarie');
INSERT INTO "users" ("id","email","password_hash","role","first_name","last_name","company_name","phone","lang","is_active","invite_token","invite_expires_at","created_at","updated_at","company_id","user_type","access_level") VALUES('df_u032','mhammed.kilic@designfacades.fr','pbkdf2:100000:c04e24fb664db020245fa4786a43a391:78658ece29f4c694c4b638ceb0d9a4824c47e7834b2f21379ca097d596addb66','admin','Mhammed','KILIC','DESIGN FACADES',NULL,'tr',1,NULL,NULL,'2026-03-05 22:41:33','2026-03-07 16:54:03','comp_df','employee','salarie');
INSERT INTO "users" ("id","email","password_hash","role","first_name","last_name","company_name","phone","lang","is_active","invite_token","invite_expires_at","created_at","updated_at","company_id","user_type","access_level") VALUES('df_u033','osman.koc@designfacades.fr','pbkdf2:100000:c04e24fb664db020245fa4786a43a391:78658ece29f4c694c4b638ceb0d9a4824c47e7834b2f21379ca097d596addb66','admin','Osman','KOC','DESIGN FACADES',NULL,'tr',1,NULL,NULL,'2026-03-05 22:41:33','2026-03-07 16:54:03','comp_df','employee','salarie');
INSERT INTO "users" ("id","email","password_hash","role","first_name","last_name","company_name","phone","lang","is_active","invite_token","invite_expires_at","created_at","updated_at","company_id","user_type","access_level") VALUES('df_u039','obaidullah.safi@designfacades.fr','pbkdf2:100000:c04e24fb664db020245fa4786a43a391:78658ece29f4c694c4b638ceb0d9a4824c47e7834b2f21379ca097d596addb66','admin','Obaidullah','SAFI','DESIGN FACADES',NULL,'fr',1,NULL,NULL,'2026-03-05 22:41:33','2026-03-07 16:54:03','comp_df','employee','salarie');
INSERT INTO "users" ("id","email","password_hash","role","first_name","last_name","company_name","phone","lang","is_active","invite_token","invite_expires_at","created_at","updated_at","company_id","user_type","access_level") VALUES('df_u041','emrah.yaman@designfacades.fr','pbkdf2:100000:c04e24fb664db020245fa4786a43a391:78658ece29f4c694c4b638ceb0d9a4824c47e7834b2f21379ca097d596addb66','admin','Emrah','YAMAN','DESIGN FACADES',NULL,'tr',1,NULL,NULL,'2026-03-05 22:41:33','2026-03-07 16:54:03','comp_df','employee','salarie');
INSERT INTO "users" ("id","email","password_hash","role","first_name","last_name","company_name","phone","lang","is_active","invite_token","invite_expires_at","created_at","updated_at","company_id","user_type","access_level") VALUES('df_u042','boran.yargi@designfacades.fr','pbkdf2:100000:c04e24fb664db020245fa4786a43a391:78658ece29f4c694c4b638ceb0d9a4824c47e7834b2f21379ca097d596addb66','admin','Boran','YARGI','DESIGN FACADES',NULL,'tr',1,NULL,NULL,'2026-03-05 22:41:33','2026-03-07 16:54:03','comp_df','employee','salarie');
INSERT INTO "users" ("id","email","password_hash","role","first_name","last_name","company_name","phone","lang","is_active","invite_token","invite_expires_at","created_at","updated_at","company_id","user_type","access_level") VALUES('df_u043','mehmtali.yilmaz@designfacades.fr','pbkdf2:100000:c04e24fb664db020245fa4786a43a391:78658ece29f4c694c4b638ceb0d9a4824c47e7834b2f21379ca097d596addb66','admin','Mehmet Ali','YILMAZ','DESIGN FACADES',NULL,'tr',1,NULL,NULL,'2026-03-05 22:41:33','2026-03-07 16:54:04','comp_df','employee','salarie');
INSERT INTO "users" ("id","email","password_hash","role","first_name","last_name","company_name","phone","lang","is_active","invite_token","invite_expires_at","created_at","updated_at","company_id","user_type","access_level") VALUES('df_u017','ferdi.aktas@designfacades.fr','pbkdf2:100000:c04e24fb664db020245fa4786a43a391:78658ece29f4c694c4b638ceb0d9a4824c47e7834b2f21379ca097d596addb66','admin','Ferdi','AKTAS','DESIGN FACADES',NULL,'tr',1,NULL,NULL,'2026-03-05 22:41:33','2026-03-07 16:54:04','comp_df','employee','salarie');
INSERT INTO "users" ("id","email","password_hash","role","first_name","last_name","company_name","phone","lang","is_active","invite_token","invite_expires_at","created_at","updated_at","company_id","user_type","access_level") VALUES('df_u023','ramazan.baru@designfacades.fr','pbkdf2:100000:c04e24fb664db020245fa4786a43a391:78658ece29f4c694c4b638ceb0d9a4824c47e7834b2f21379ca097d596addb66','admin','Ramazan','BARU','DESIGN FACADES',NULL,'tr',1,NULL,NULL,'2026-03-05 22:41:33','2026-03-07 16:54:04','comp_df','employee','salarie');
INSERT INTO "users" ("id","email","password_hash","role","first_name","last_name","company_name","phone","lang","is_active","invite_token","invite_expires_at","created_at","updated_at","company_id","user_type","access_level") VALUES('df_u034','fahim.mohammadi@designfacades.fr','pbkdf2:100000:c04e24fb664db020245fa4786a43a391:78658ece29f4c694c4b638ceb0d9a4824c47e7834b2f21379ca097d596addb66','admin','Fahim','MOHAMMADI','DESIGN FACADES',NULL,'fr',1,NULL,NULL,'2026-03-05 22:41:33','2026-03-07 16:54:04','comp_df','employee','salarie');
INSERT INTO "users" ("id","email","password_hash","role","first_name","last_name","company_name","phone","lang","is_active","invite_token","invite_expires_at","created_at","updated_at","company_id","user_type","access_level") VALUES('df_u027','ali.cevik@designfacades.fr','pbkdf2:100000:c04e24fb664db020245fa4786a43a391:78658ece29f4c694c4b638ceb0d9a4824c47e7834b2f21379ca097d596addb66','admin','Ali','CEVIK','DESIGN FACADES',NULL,'tr',1,NULL,NULL,'2026-03-05 22:41:33','2026-03-07 16:54:05','comp_df','employee','salarie');
INSERT INTO "users" ("id","email","password_hash","role","first_name","last_name","company_name","phone","lang","is_active","invite_token","invite_expires_at","created_at","updated_at","company_id","user_type","access_level") VALUES('df_u035','christophe.rosche@designfacades.fr','pbkdf2:100000:c04e24fb664db020245fa4786a43a391:78658ece29f4c694c4b638ceb0d9a4824c47e7834b2f21379ca097d596addb66','admin','Christophe','ROSCHE','DESIGN FACADES',NULL,'fr',1,NULL,NULL,'2026-03-05 22:41:33','2026-03-07 16:54:05','comp_df','employee','salarie');
INSERT INTO "users" ("id","email","password_hash","role","first_name","last_name","company_name","phone","lang","is_active","invite_token","invite_expires_at","created_at","updated_at","company_id","user_type","access_level") VALUES('df_u020','jordan.andioli@designfacades.fr','pbkdf2:100000:c04e24fb664db020245fa4786a43a391:78658ece29f4c694c4b638ceb0d9a4824c47e7834b2f21379ca097d596addb66','admin','Jordan','ANDIOLI','DESIGN FACADES',NULL,'fr',1,NULL,NULL,'2026-03-05 22:41:33','2026-03-07 16:54:05','comp_df','employee','salarie');
INSERT INTO "users" ("id","email","password_hash","role","first_name","last_name","company_name","phone","lang","is_active","invite_token","invite_expires_at","created_at","updated_at","company_id","user_type","access_level") VALUES('df_u028','can.daglan@designfacades.fr','pbkdf2:100000:c04e24fb664db020245fa4786a43a391:78658ece29f4c694c4b638ceb0d9a4824c47e7834b2f21379ca097d596addb66','admin','Can','DAGLAN','DESIGN FACADES',NULL,'tr',1,NULL,NULL,'2026-03-05 22:41:33','2026-03-07 16:54:05','comp_df','employee','salarie');
INSERT INTO "users" ("id","email","password_hash","role","first_name","last_name","company_name","phone","lang","is_active","invite_token","invite_expires_at","created_at","updated_at","company_id","user_type","access_level") VALUES('df_u036','romeo.rostas@designfacades.fr','pbkdf2:100000:c04e24fb664db020245fa4786a43a391:78658ece29f4c694c4b638ceb0d9a4824c47e7834b2f21379ca097d596addb66','admin','Romeo','ROSTAS','DESIGN FACADES',NULL,'fr',1,NULL,NULL,'2026-03-05 22:41:33','2026-03-07 16:54:06','comp_df','employee','salarie');
INSERT INTO "users" ("id","email","password_hash","role","first_name","last_name","company_name","phone","lang","is_active","invite_token","invite_expires_at","created_at","updated_at","company_id","user_type","access_level") VALUES('df_u037','matiullah.safi@designfacades.fr','pbkdf2:100000:c04e24fb664db020245fa4786a43a391:78658ece29f4c694c4b638ceb0d9a4824c47e7834b2f21379ca097d596addb66','admin','Matiullah','SAFI','DESIGN FACADES',NULL,'fr',1,NULL,NULL,'2026-03-05 22:41:33','2026-03-07 16:54:06','comp_df','employee','salarie');
INSERT INTO "users" ("id","email","password_hash","role","first_name","last_name","company_name","phone","lang","is_active","invite_token","invite_expires_at","created_at","updated_at","company_id","user_type","access_level") VALUES('df_u022','metin.avci@designfacades.fr','pbkdf2:100000:c04e24fb664db020245fa4786a43a391:78658ece29f4c694c4b638ceb0d9a4824c47e7834b2f21379ca097d596addb66','admin','Metin','AVCI','DESIGN FACADES',NULL,'tr',1,NULL,NULL,'2026-03-05 22:41:33','2026-03-07 16:54:06','comp_df','employee','salarie');
INSERT INTO "users" ("id","email","password_hash","role","first_name","last_name","company_name","phone","lang","is_active","invite_token","invite_expires_at","created_at","updated_at","company_id","user_type","access_level") VALUES('df_u025','kristi.bregu@designfacades.fr','pbkdf2:100000:c04e24fb664db020245fa4786a43a391:78658ece29f4c694c4b638ceb0d9a4824c47e7834b2f21379ca097d596addb66','admin','Kristi','BREGU','DESIGN FACADES',NULL,'fr',1,NULL,NULL,'2026-03-05 22:41:33','2026-03-07 16:54:06','comp_df','employee','salarie');
INSERT INTO "users" ("id","email","password_hash","role","first_name","last_name","company_name","phone","lang","is_active","invite_token","invite_expires_at","created_at","updated_at","company_id","user_type","access_level") VALUES('df_u026','cuneyt.carboga@designfacades.fr','pbkdf2:100000:c04e24fb664db020245fa4786a43a391:78658ece29f4c694c4b638ceb0d9a4824c47e7834b2f21379ca097d596addb66','admin','Cuneyt','CARBOGA','DESIGN FACADES',NULL,'tr',1,NULL,NULL,'2026-03-05 22:41:33','2026-03-07 16:54:07','comp_df','employee','salarie');
INSERT INTO "users" ("id","email","password_hash","role","first_name","last_name","company_name","phone","lang","is_active","invite_token","invite_expires_at","created_at","updated_at","company_id","user_type","access_level") VALUES('df_u030','tekin.iscan@designfacades.fr','pbkdf2:100000:c04e24fb664db020245fa4786a43a391:78658ece29f4c694c4b638ceb0d9a4824c47e7834b2f21379ca097d596addb66','admin','Tekin','ISCAN','DESIGN FACADES',NULL,'tr',1,NULL,NULL,'2026-03-05 22:41:33','2026-03-07 16:54:07','comp_df','employee','salarie');
INSERT INTO "users" ("id","email","password_hash","role","first_name","last_name","company_name","phone","lang","is_active","invite_token","invite_expires_at","created_at","updated_at","company_id","user_type","access_level") VALUES('df_u038','mohammad.safi@designfacades.fr','pbkdf2:100000:c04e24fb664db020245fa4786a43a391:78658ece29f4c694c4b638ceb0d9a4824c47e7834b2f21379ca097d596addb66','admin','Mohammad','SAFI','DESIGN FACADES',NULL,'fr',1,NULL,NULL,'2026-03-05 22:41:33','2026-03-07 16:54:07','comp_df','employee','salarie');
INSERT INTO "users" ("id","email","password_hash","role","first_name","last_name","company_name","phone","lang","is_active","invite_token","invite_expires_at","created_at","updated_at","company_id","user_type","access_level") VALUES('df_u040','ahmed.tahiri@designfacades.fr','pbkdf2:100000:c04e24fb664db020245fa4786a43a391:78658ece29f4c694c4b638ceb0d9a4824c47e7834b2f21379ca097d596addb66','admin','Ahmed','TAHIRI','DESIGN FACADES',NULL,'fr',1,NULL,NULL,'2026-03-05 22:41:33','2026-03-07 16:54:07','comp_df','employee','salarie');
INSERT INTO "users" ("id","email","password_hash","role","first_name","last_name","company_name","phone","lang","is_active","invite_token","invite_expires_at","created_at","updated_at","company_id","user_type","access_level") VALUES('df_u044','jennifer.bellot@designfacades.fr','pbkdf2:100000:c04e24fb664db020245fa4786a43a391:78658ece29f4c694c4b638ceb0d9a4824c47e7834b2f21379ca097d596addb66','admin','Jennifer','BELLOT','DESIGN FACADES',NULL,'fr',1,NULL,NULL,'2026-03-05 22:41:33','2026-03-07 16:54:08','comp_df','employee','salarie');
INSERT INTO "users" ("id","email","password_hash","role","first_name","last_name","company_name","phone","lang","is_active","invite_token","invite_expires_at","created_at","updated_at","company_id","user_type","access_level") VALUES('df_u045','patrick.laval@designfacades.fr','pbkdf2:100000:c04e24fb664db020245fa4786a43a391:78658ece29f4c694c4b638ceb0d9a4824c47e7834b2f21379ca097d596addb66','admin','Patrick','LAVAL','DESIGN FACADES',NULL,'fr',1,NULL,NULL,'2026-03-05 22:41:33','2026-03-07 16:54:08','comp_df','employee','salarie');
INSERT INTO "users" ("id","email","password_hash","role","first_name","last_name","company_name","phone","lang","is_active","invite_token","invite_expires_at","created_at","updated_at","company_id","user_type","access_level") VALUES('df_u046','jamel.kalai@designfacades.fr','pbkdf2:100000:c04e24fb664db020245fa4786a43a391:78658ece29f4c694c4b638ceb0d9a4824c47e7834b2f21379ca097d596addb66','admin','Jamel','KALAI','DESIGN FACADES',NULL,'fr',1,NULL,NULL,'2026-03-05 22:41:33','2026-03-07 16:54:08','comp_df','employee','salarie');
INSERT INTO "users" ("id","email","password_hash","role","first_name","last_name","company_name","phone","lang","is_active","invite_token","invite_expires_at","created_at","updated_at","company_id","user_type","access_level") VALUES('df_u047','jiyan.ozdilek@designfacades.fr','pbkdf2:100000:c04e24fb664db020245fa4786a43a391:78658ece29f4c694c4b638ceb0d9a4824c47e7834b2f21379ca097d596addb66','admin','Jiyan','OZDILEK','DESIGN FACADES',NULL,'tr',1,NULL,NULL,'2026-03-05 22:41:33','2026-03-07 16:54:08','comp_df','employee','salarie');
INSERT INTO "users" ("id","email","password_hash","role","first_name","last_name","company_name","phone","lang","is_active","invite_token","invite_expires_at","created_at","updated_at","company_id","user_type","access_level") VALUES('df_u048','baran.guclu@designfacades.fr','pbkdf2:100000:c04e24fb664db020245fa4786a43a391:78658ece29f4c694c4b638ceb0d9a4824c47e7834b2f21379ca097d596addb66','admin','Baran','GUCLU','DESIGN FACADES',NULL,'fr',1,NULL,NULL,'2026-03-05 22:59:17','2026-03-07 16:53:57','comp_df','employee','salarie');
INSERT INTO "users" ("id","email","password_hash","role","first_name","last_name","company_name","phone","lang","is_active","invite_token","invite_expires_at","created_at","updated_at","company_id","user_type","access_level") VALUES('u_79369efe1b6c61115587db576055bc4e','ozkbah@gmail.com','pbkdf2:100000:42267492fb3ac9595e180eb8e26d3f14:790c2fd832ada2382a658af0e50f66167d5bfdca6944cd3e34d8088cab54608d','admin','Bahtiyar','OZKAN','lorraine constructeurs',NULL,'fr',1,NULL,NULL,'2026-03-08 00:12:52','2026-03-08 00:25:35','company_001','employee','admin');
CREATE TABLE refresh_tokens (
  id TEXT PRIMARY KEY,
  user_id TEXT NOT NULL REFERENCES users(id) ON DELETE CASCADE,
  token_hash TEXT NOT NULL,
  expires_at TEXT NOT NULL,
  created_at TEXT DEFAULT (datetime('now'))
);
INSERT INTO "refresh_tokens" ("id","user_id","token_hash","expires_at","created_at") VALUES('6a675ebd9efb27370d73ac7c646f9732','df_u006','1c66357c0bc0eed30d0e3d1fbca7d1a06dd02b6437d84f0ade4c8e1cecf27317','2026-04-05T20:48:38.152Z','2026-03-06 20:48:38');
INSERT INTO "refresh_tokens" ("id","user_id","token_hash","expires_at","created_at") VALUES('2ee1bf0fe3828187df2d04bd296fa5a4','df_u001','c59602c5bf7ddb6f814da49b536af0eef3adf2845eec7dce46bb7c83f5389fdc','2026-04-06T08:36:01.036Z','2026-03-07 08:36:01');
INSERT INTO "refresh_tokens" ("id","user_id","token_hash","expires_at","created_at") VALUES('b0dd6cade57a4c1ef872788a5eb68958','u_79369efe1b6c61115587db576055bc4e','4a31417fd869beaa346504a98a3db039a5d6f822938b75d3e24783bb6675bfb6','2026-04-07T01:05:34.465Z','2026-03-08 01:05:34');
INSERT INTO "refresh_tokens" ("id","user_id","token_hash","expires_at","created_at") VALUES('f9f86719bc1b7a9fa917f655a92c1708','u_79369efe1b6c61115587db576055bc4e','848c8ece19f512dcd88fed552593f2262d3b3ceadcc325ba12d185143302cd0f','2026-04-07T02:44:14.222Z','2026-03-08 02:44:14');
INSERT INTO "refresh_tokens" ("id","user_id","token_hash","expires_at","created_at") VALUES('0d1797568b4ef25c31e9e5f77bd053b4','u_79369efe1b6c61115587db576055bc4e','028df0f3124b824809d7b071f7cca70bb627ff5c7c8e21d022e8089483aa0588','2026-04-07T07:23:14.980Z','2026-03-08 07:23:15');
CREATE TABLE projects (
  id TEXT PRIMARY KEY,
  name TEXT NOT NULL,
  reference TEXT,
  address TEXT,
  city TEXT,
  postal_code TEXT,
  client_name TEXT,
  client_email TEXT,
  client_phone TEXT,
  description TEXT,
  start_date TEXT,
  duration_weeks INTEGER,
  budget_ht REAL,
  status TEXT DEFAULT 'draft',
  ai_prompt TEXT,
  created_by TEXT REFERENCES users(id),
  created_at TEXT DEFAULT (datetime('now')),
  updated_at TEXT DEFAULT (datetime('now'))
, company_id TEXT REFERENCES companies(id) ON DELETE SET NULL, lot_types TEXT DEFAULT NULL, meeting_time TEXT DEFAULT NULL, client_id TEXT REFERENCES clients(id), parent_project_id TEXT REFERENCES projects(id) ON DELETE SET NULL, project_type TEXT NOT NULL DEFAULT 'standalone');
INSERT INTO "projects" ("id","name","reference","address","city","postal_code","client_name","client_email","client_phone","description","start_date","duration_weeks","budget_ht","status","ai_prompt","created_by","created_at","updated_at","company_id","lot_types","meeting_time","client_id","parent_project_id","project_type") VALUES('proj_demo_001','Résidence Les Cèdres','LYON-2026-001','15 Avenue des Cèdres','Lyon','69008','SCI Les Cèdres','contact@sci-cedres.fr',NULL,'Construction d''une résidence de 12 logements R+3. Maçonnerie traditionnelle, isolation par l''extérieur, menuiseries aluminium.','2026-04-07',28,NULL,'en_cours',NULL,'user_admin_001','2026-03-05 21:43:41','2026-03-05 21:43:41','comp_df',NULL,NULL,NULL,NULL,'standalone');
INSERT INTO "projects" ("id","name","reference","address","city","postal_code","client_name","client_email","client_phone","description","start_date","duration_weeks","budget_ht","status","ai_prompt","created_by","created_at","updated_at","company_id","lot_types","meeting_time","client_id","parent_project_id","project_type") VALUES('xls_p003','RESIDENCE DE 33 LOGTS A MANOM',NULL,NULL,NULL,NULL,'SCCV LES HAUTS DE MANOM',NULL,NULL,NULL,'2024-12-01',44,NULL,'livre',NULL,'df_u001','2026-03-05 23:29:51','2026-03-05 23:30:52','comp_df','["ECHAF","ITE","ENDUIT","RAVALEMENT","LASURE","BARDAGE"]',NULL,NULL,NULL,'standalone');
INSERT INTO "projects" ("id","name","reference","address","city","postal_code","client_name","client_email","client_phone","description","start_date","duration_weeks","budget_ht","status","ai_prompt","created_by","created_at","updated_at","company_id","lot_types","meeting_time","client_id","parent_project_id","project_type") VALUES('xls_p005','RIG - MAIZIERES LES METZ',NULL,NULL,NULL,NULL,'BLUE EMAERAUDE - SCCV CASSIOPEE',NULL,NULL,NULL,'2025-02-17',20,NULL,'livre',NULL,'df_u001','2026-03-05 23:29:51','2026-03-05 23:29:51','comp_df',NULL,'','cli_005',NULL,'standalone');
INSERT INTO "projects" ("id","name","reference","address","city","postal_code","client_name","client_email","client_phone","description","start_date","duration_weeks","budget_ht","status","ai_prompt","created_by","created_at","updated_at","company_id","lot_types","meeting_time","client_id","parent_project_id","project_type") VALUES('xls_p008','10 MAISONS PSLA A ALGRANGE',NULL,NULL,NULL,NULL,'MAGNUM IMMO - SP2E ROYAL PROMOTION SARL',NULL,NULL,NULL,'2025-06-04',8,NULL,'livre',NULL,'df_u001','2026-03-05 23:29:51','2026-03-05 23:29:51','comp_df',NULL,'','cli_008',NULL,'standalone');
INSERT INTO "projects" ("id","name","reference","address","city","postal_code","client_name","client_email","client_phone","description","start_date","duration_weeks","budget_ht","status","ai_prompt","created_by","created_at","updated_at","company_id","lot_types","meeting_time","client_id","parent_project_id","project_type") VALUES('xls_p010','32 MAISONS INDIVIDUELLES SOCIALES A ALGRANGE',NULL,NULL,NULL,NULL,'MAGNUM IMMO - SP2E ROYAL PROMOTION SARL',NULL,NULL,NULL,'2025-06-15',21,NULL,'livre',NULL,'df_u001','2026-03-05 23:29:51','2026-03-05 23:29:51','comp_df',NULL,'','cli_008',NULL,'standalone');
INSERT INTO "projects" ("id","name","reference","address","city","postal_code","client_name","client_email","client_phone","description","start_date","duration_weeks","budget_ht","status","ai_prompt","created_by","created_at","updated_at","company_id","lot_types","meeting_time","client_id","parent_project_id","project_type") VALUES('xls_p012','SANDER KISS - BAT A (49 LOGTS)',NULL,NULL,NULL,NULL,'NOVA HOMES',NULL,NULL,NULL,'2025-07-20',20,NULL,'livre',NULL,'df_u001','2026-03-05 23:29:51','2026-03-05 23:29:51','comp_df',NULL,'','cli_006',NULL,'standalone');
INSERT INTO "projects" ("id","name","reference","address","city","postal_code","client_name","client_email","client_phone","description","start_date","duration_weeks","budget_ht","status","ai_prompt","created_by","created_at","updated_at","company_id","lot_types","meeting_time","client_id","parent_project_id","project_type") VALUES('xls_p013','SANDER KISS - BAT B (49 LOGTS)',NULL,NULL,NULL,NULL,'NOVA HOMES',NULL,NULL,NULL,'2025-07-20',20,NULL,'livre',NULL,'df_u001','2026-03-05 23:29:51','2026-03-05 23:29:51','comp_df',NULL,'','cli_006',NULL,'standalone');
INSERT INTO "projects" ("id","name","reference","address","city","postal_code","client_name","client_email","client_phone","description","start_date","duration_weeks","budget_ht","status","ai_prompt","created_by","created_at","updated_at","company_id","lot_types","meeting_time","client_id","parent_project_id","project_type") VALUES('xls_p016','CONSTR DE 18 LOGTS A LONGWY',NULL,NULL,NULL,NULL,'BATIGERE',NULL,NULL,NULL,'2025-09-15',20,NULL,'livre',NULL,'df_u001','2026-03-05 23:29:51','2026-03-05 23:29:51','comp_df',NULL,'Mercredi 14h30','cli_001',NULL,'standalone');
INSERT INTO "projects" ("id","name","reference","address","city","postal_code","client_name","client_email","client_phone","description","start_date","duration_weeks","budget_ht","status","ai_prompt","created_by","created_at","updated_at","company_id","lot_types","meeting_time","client_id","parent_project_id","project_type") VALUES('xls_p020','LOT FACADE - BOULAY',NULL,NULL,NULL,NULL,'IDEA CONSTRUCTION',NULL,NULL,NULL,'2025-10-06',16,NULL,'livre',NULL,'df_u001','2026-03-05 23:29:51','2026-03-05 23:29:51','comp_df',NULL,'Mercredi 10h','cli_012',NULL,'standalone');
INSERT INTO "projects" ("id","name","reference","address","city","postal_code","client_name","client_email","client_phone","description","start_date","duration_weeks","budget_ht","status","ai_prompt","created_by","created_at","updated_at","company_id","lot_types","meeting_time","client_id","parent_project_id","project_type") VALUES('xls_p033','RENOVATION THERMIQUE LOGEMENTS COMMUNAUX - FIXEM',NULL,NULL,NULL,NULL,'MAIRIE DE FIXEM',NULL,NULL,NULL,'2026-01-15',6,NULL,'livre',NULL,'df_u001','2026-03-05 23:29:51','2026-03-05 23:29:51','comp_df',NULL,'Jeudi 16h','cli_018',NULL,'standalone');
INSERT INTO "projects" ("id","name","reference","address","city","postal_code","client_name","client_email","client_phone","description","start_date","duration_weeks","budget_ht","status","ai_prompt","created_by","created_at","updated_at","company_id","lot_types","meeting_time","client_id","parent_project_id","project_type") VALUES('xls_p001','CONSTR DE 81 LOGTS A TOMBLAINE',NULL,NULL,NULL,NULL,'BATIGERE',NULL,NULL,NULL,'2023-02-20',171,NULL,'en_cours',NULL,'df_u001','2026-03-05 23:29:51','2026-03-05 23:29:51','comp_df',NULL,'Lundi 14h','cli_001',NULL,'standalone');
INSERT INTO "projects" ("id","name","reference","address","city","postal_code","client_name","client_email","client_phone","description","start_date","duration_weeks","budget_ht","status","ai_prompt","created_by","created_at","updated_at","company_id","lot_types","meeting_time","client_id","parent_project_id","project_type") VALUES('xls_p002','REHA 224 LOGTS COLLECTIFS - TOURS BELLECROIX A METZ',NULL,NULL,NULL,NULL,'SEM EMH',NULL,NULL,NULL,'2024-09-30',140,NULL,'en_cours',NULL,'df_u001','2026-03-05 23:29:51','2026-03-05 23:29:51','comp_df',NULL,'','cli_002',NULL,'standalone');
INSERT INTO "projects" ("id","name","reference","address","city","postal_code","client_name","client_email","client_phone","description","start_date","duration_weeks","budget_ht","status","ai_prompt","created_by","created_at","updated_at","company_id","lot_types","meeting_time","client_id","parent_project_id","project_type") VALUES('xls_p004','CANTEBONNE',NULL,NULL,NULL,NULL,'VIVEST',NULL,NULL,NULL,'2024-12-15',81,NULL,'en_cours',NULL,'df_u001','2026-03-05 23:29:51','2026-03-05 23:29:51','comp_df','["ECHAF","BARDAGE"]','Mercredi 9h','cli_004',NULL,'standalone');
INSERT INTO "projects" ("id","name","reference","address","city","postal_code","client_name","client_email","client_phone","description","start_date","duration_weeks","budget_ht","status","ai_prompt","created_by","created_at","updated_at","company_id","lot_types","meeting_time","client_id","parent_project_id","project_type") VALUES('xls_p006','CONSTRUCTION DE 2 IMM COLLECTIFS A ESSEY LES NANCY',NULL,NULL,NULL,NULL,'NOVA HOMES',NULL,NULL,NULL,'2025-05-05',48,NULL,'en_cours',NULL,'df_u001','2026-03-05 23:29:51','2026-03-05 23:29:51','comp_df',NULL,'Mardi 14h30','cli_006',NULL,'standalone');
INSERT INTO "projects" ("id","name","reference","address","city","postal_code","client_name","client_email","client_phone","description","start_date","duration_weeks","budget_ht","status","ai_prompt","created_by","created_at","updated_at","company_id","lot_types","meeting_time","client_id","parent_project_id","project_type") VALUES('xls_p007','VILLAS FLORA - 30 LOGTS A BASSE-HAM',NULL,NULL,NULL,NULL,'DELTA PROMOTION - SCCV MULLIGAN',NULL,NULL,NULL,'2025-06-01',42,NULL,'en_cours',NULL,'df_u001','2026-03-05 23:29:51','2026-03-05 23:29:51','comp_df',NULL,'Lundi 9h','cli_007',NULL,'standalone');
INSERT INTO "projects" ("id","name","reference","address","city","postal_code","client_name","client_email","client_phone","description","start_date","duration_weeks","budget_ht","status","ai_prompt","created_by","created_at","updated_at","company_id","lot_types","meeting_time","client_id","parent_project_id","project_type") VALUES('xls_p009','MOSQUEE FLORANGE',NULL,NULL,NULL,NULL,'ENTENTE SOCIO CULTURELLE ISLAMIQUE',NULL,NULL,NULL,'2025-06-15',37,NULL,'en_cours',NULL,'df_u001','2026-03-05 23:29:51','2026-03-05 23:29:51','comp_df',NULL,'Mercredi 9h','cli_009',NULL,'standalone');
INSERT INTO "projects" ("id","name","reference","address","city","postal_code","client_name","client_email","client_phone","description","start_date","duration_weeks","budget_ht","status","ai_prompt","created_by","created_at","updated_at","company_id","lot_types","meeting_time","client_id","parent_project_id","project_type") VALUES('xls_p011','ECOLES JEAN DE LA FONTAINE - ILLANGE',NULL,NULL,NULL,NULL,'MAIRIE D''ILLANGE',NULL,NULL,NULL,'2025-06-25',36,NULL,'en_cours',NULL,'df_u001','2026-03-05 23:29:51','2026-03-05 23:29:51','comp_df',NULL,'Mercredi 10h30','cli_010',NULL,'standalone');
INSERT INTO "projects" ("id","name","reference","address","city","postal_code","client_name","client_email","client_phone","description","start_date","duration_weeks","budget_ht","status","ai_prompt","created_by","created_at","updated_at","company_id","lot_types","meeting_time","client_id","parent_project_id","project_type") VALUES('xls_p014','SCCV PETIT DUC',NULL,NULL,NULL,NULL,'CONCEPT IMMO',NULL,NULL,NULL,'2025-07-28',27,NULL,'en_cours',NULL,'df_u001','2026-03-05 23:29:51','2026-03-05 23:29:51','comp_df','["ECHAF","ENDUIT","LASURE"]','Jeudi 9h','cli_025',NULL,'standalone');
INSERT INTO "projects" ("id","name","reference","address","city","postal_code","client_name","client_email","client_phone","description","start_date","duration_weeks","budget_ht","status","ai_prompt","created_by","created_at","updated_at","company_id","lot_types","meeting_time","client_id","parent_project_id","project_type") VALUES('xls_p015','BATIMENT PHV - FAM LE HAUT SORET',NULL,NULL,NULL,NULL,'CMSEA',NULL,NULL,NULL,'2025-08-15',31,NULL,'en_cours',NULL,'df_u001','2026-03-05 23:29:51','2026-03-05 23:29:51','comp_df',NULL,'Vendredi 9h','cli_011',NULL,'standalone');
INSERT INTO "projects" ("id","name","reference","address","city","postal_code","client_name","client_email","client_phone","description","start_date","duration_weeks","budget_ht","status","ai_prompt","created_by","created_at","updated_at","company_id","lot_types","meeting_time","client_id","parent_project_id","project_type") VALUES('xls_p017','LE TRIANON MAXEVILLE',NULL,NULL,NULL,NULL,'NOVA HOMES',NULL,NULL,NULL,'2025-09-15',26,NULL,'en_cours',NULL,'df_u001','2026-03-05 23:29:51','2026-03-05 23:29:51','comp_df','["ECHAF","ITE"]','','cli_006',NULL,'standalone');
INSERT INTO "projects" ("id","name","reference","address","city","postal_code","client_name","client_email","client_phone","description","start_date","duration_weeks","budget_ht","status","ai_prompt","created_by","created_at","updated_at","company_id","lot_types","meeting_time","client_id","parent_project_id","project_type") VALUES('xls_p018','RESIDENCE LES COTEAUX - 43 LOGTS A MAXEVILLE',NULL,NULL,NULL,NULL,'NOVA HOMES',NULL,NULL,NULL,'2025-09-15',33,NULL,'en_cours',NULL,'df_u001','2026-03-05 23:29:51','2026-03-05 23:29:51','comp_df','["ECHAF"]','','cli_006',NULL,'standalone');
INSERT INTO "projects" ("id","name","reference","address","city","postal_code","client_name","client_email","client_phone","description","start_date","duration_weeks","budget_ht","status","ai_prompt","created_by","created_at","updated_at","company_id","lot_types","meeting_time","client_id","parent_project_id","project_type") VALUES('xls_p019','15 LOGTS COLLECTIFS A ST JULIEN LES METZ',NULL,NULL,NULL,NULL,'VIVEST',NULL,NULL,NULL,'2025-09-15',31,NULL,'en_cours',NULL,'df_u001','2026-03-05 23:29:51','2026-03-05 23:29:51','comp_df',NULL,'Mardi 14h30','cli_004',NULL,'standalone');
INSERT INTO "projects" ("id","name","reference","address","city","postal_code","client_name","client_email","client_phone","description","start_date","duration_weeks","budget_ht","status","ai_prompt","created_by","created_at","updated_at","company_id","lot_types","meeting_time","client_id","parent_project_id","project_type") VALUES('xls_p021','LE DOMAINE DE LA ROSE D''OR A MONTIGNY LES METZ',NULL,NULL,NULL,NULL,'STRADIM',NULL,NULL,NULL,'2025-10-15',28,NULL,'en_cours',NULL,'df_u001','2026-03-05 23:29:51','2026-03-05 23:29:51','comp_df','["RAVALEMENT","BARDAGE"]','Mardi 10h','cli_013',NULL,'standalone');
INSERT INTO "projects" ("id","name","reference","address","city","postal_code","client_name","client_email","client_phone","description","start_date","duration_weeks","budget_ht","status","ai_prompt","created_by","created_at","updated_at","company_id","lot_types","meeting_time","client_id","parent_project_id","project_type") VALUES('xls_p022','108 LOGTS ETUDIANTS A VANDOEUVRE',NULL,NULL,NULL,NULL,'EIFFAGE',NULL,NULL,NULL,'2025-10-24',24,NULL,'en_cours',NULL,'df_u001','2026-03-05 23:29:51','2026-03-05 23:29:51','comp_df','["ECHAF","ENDUIT","BARDAGE","LASURE"]','Libre','cli_014',NULL,'standalone');
INSERT INTO "projects" ("id","name","reference","address","city","postal_code","client_name","client_email","client_phone","description","start_date","duration_weeks","budget_ht","status","ai_prompt","created_by","created_at","updated_at","company_id","lot_types","meeting_time","client_id","parent_project_id","project_type") VALUES('xls_p023','RESIDENCE ARTEMIS A FONTOY',NULL,NULL,NULL,NULL,'NOVA HOMES',NULL,NULL,NULL,'2025-11-15',22,NULL,'en_cours',NULL,'df_u001','2026-03-05 23:29:51','2026-03-05 23:29:51','comp_df','["ECHAF","ITE","BARDAGE"]','Lundi 14h','cli_006',NULL,'standalone');
INSERT INTO "projects" ("id","name","reference","address","city","postal_code","client_name","client_email","client_phone","description","start_date","duration_weeks","budget_ht","status","ai_prompt","created_by","created_at","updated_at","company_id","lot_types","meeting_time","client_id","parent_project_id","project_type") VALUES('xls_p024','LE BOTANIK - TRANCHE 2 - 42 LOGTS A METZ',NULL,NULL,NULL,NULL,'GROUPE HABITER',NULL,NULL,NULL,'2025-11-18',20,NULL,'en_cours',NULL,'df_u001','2026-03-05 23:29:51','2026-03-05 23:29:51','comp_df',NULL,'','cli_033',NULL,'standalone');
INSERT INTO "projects" ("id","name","reference","address","city","postal_code","client_name","client_email","client_phone","description","start_date","duration_weeks","budget_ht","status","ai_prompt","created_by","created_at","updated_at","company_id","lot_types","meeting_time","client_id","parent_project_id","project_type") VALUES('xls_p025','SCCV DOMAINE DE MALTE - 66 LOGEMENTS',NULL,NULL,NULL,NULL,'IDEA CONSTRUCTION',NULL,NULL,NULL,'2025-12-01',19,NULL,'en_cours',NULL,'df_u001','2026-03-05 23:29:51','2026-03-05 23:29:51','comp_df',NULL,'Mercredi 13h30','cli_012',NULL,'standalone');
INSERT INTO "projects" ("id","name","reference","address","city","postal_code","client_name","client_email","client_phone","description","start_date","duration_weeks","budget_ht","status","ai_prompt","created_by","created_at","updated_at","company_id","lot_types","meeting_time","client_id","parent_project_id","project_type") VALUES('xls_p026','CONSTR DE 12 LOGEMENTS A MARLY',NULL,NULL,NULL,NULL,'LE NID - SA COOPERATIVE HLM',NULL,NULL,NULL,'2025-12-04',43,NULL,'en_cours',NULL,'df_u001','2026-03-05 23:29:51','2026-03-05 23:29:51','comp_df','["ECHAF","ENDUIT"]','Mardi 10h30','cli_027',NULL,'standalone');
INSERT INTO "projects" ("id","name","reference","address","city","postal_code","client_name","client_email","client_phone","description","start_date","duration_weeks","budget_ht","status","ai_prompt","created_by","created_at","updated_at","company_id","lot_types","meeting_time","client_id","parent_project_id","project_type") VALUES('xls_p027','26RS - CONSTR DE 26 LOGEMENTS A ALGRANGE',NULL,NULL,NULL,NULL,'MAGNUM IMMO - SERGE FINANCES',NULL,NULL,NULL,'2025-12-15',13,NULL,'en_cours',NULL,'df_u001','2026-03-05 23:29:51','2026-03-05 23:29:51','comp_df','["ECHAF","ITE"]','Mercredi 10h','cli_028',NULL,'standalone');
INSERT INTO "projects" ("id","name","reference","address","city","postal_code","client_name","client_email","client_phone","description","start_date","duration_weeks","budget_ht","status","ai_prompt","created_by","created_at","updated_at","company_id","lot_types","meeting_time","client_id","parent_project_id","project_type") VALUES('xls_p028','SEVEN UCKANGE LOT 10 FACADES',NULL,NULL,NULL,NULL,'NOVA HOMES',NULL,NULL,NULL,'2025-12-15',18,NULL,'en_cours',NULL,'df_u001','2026-03-05 23:29:51','2026-03-05 23:29:51','comp_df','["ECHAF","ITE","BARDAGE","ENDUIT"]','Vendredi 10h','cli_006',NULL,'standalone');
INSERT INTO "projects" ("id","name","reference","address","city","postal_code","client_name","client_email","client_phone","description","start_date","duration_weeks","budget_ht","status","ai_prompt","created_by","created_at","updated_at","company_id","lot_types","meeting_time","client_id","parent_project_id","project_type") VALUES('xls_p029','4 BATIMENTS VILLIERS LES NANCY',NULL,NULL,NULL,NULL,'NOVA HOMES',NULL,NULL,NULL,'2025-12-19',54,NULL,'en_cours',NULL,'df_u001','2026-03-05 23:29:51','2026-03-05 23:29:51','comp_df','["ECHAF","ENDUIT"]','','cli_006',NULL,'standalone');
INSERT INTO "projects" ("id","name","reference","address","city","postal_code","client_name","client_email","client_phone","description","start_date","duration_weeks","budget_ht","status","ai_prompt","created_by","created_at","updated_at","company_id","lot_types","meeting_time","client_id","parent_project_id","project_type") VALUES('xls_p030','EXTENSION HOTEL BEST WESTERN METZ',NULL,NULL,NULL,NULL,'HOTEL BEST WESTERN / I2C',NULL,NULL,NULL,'2025-12-22',15,NULL,'en_cours',NULL,'df_u001','2026-03-05 23:29:51','2026-03-05 23:29:51','comp_df',NULL,'','cli_015',NULL,'standalone');
INSERT INTO "projects" ("id","name","reference","address","city","postal_code","client_name","client_email","client_phone","description","start_date","duration_weeks","budget_ht","status","ai_prompt","created_by","created_at","updated_at","company_id","lot_types","meeting_time","client_id","parent_project_id","project_type") VALUES('xls_p031','JARDIN DES ARTS - BATIMENT A',NULL,NULL,NULL,NULL,'MARTEL IMMO',NULL,NULL,NULL,'2026-01-01',20,NULL,'en_cours',NULL,'df_u001','2026-03-05 23:29:51','2026-03-05 23:29:51','comp_df','["ECHAF","ITE"]','Mardi 9h','cli_016',NULL,'standalone');
INSERT INTO "projects" ("id","name","reference","address","city","postal_code","client_name","client_email","client_phone","description","start_date","duration_weeks","budget_ht","status","ai_prompt","created_by","created_at","updated_at","company_id","lot_types","meeting_time","client_id","parent_project_id","project_type") VALUES('xls_p032','RDO QUARTIER WIESBERG ET BELLEVUE',NULL,NULL,NULL,NULL,'BOUYGUES BATIMENT',NULL,NULL,NULL,'2026-01-05',113,NULL,'en_cours',NULL,'df_u001','2026-03-05 23:29:51','2026-03-05 23:29:51','comp_df','["ECHAF"]','Libre','cli_017',NULL,'standalone');
INSERT INTO "projects" ("id","name","reference","address","city","postal_code","client_name","client_email","client_phone","description","start_date","duration_weeks","budget_ht","status","ai_prompt","created_by","created_at","updated_at","company_id","lot_types","meeting_time","client_id","parent_project_id","project_type") VALUES('xls_p034','RESIDENCE SERVICES 46 LOGTS A METZ TECHNOPOLE',NULL,NULL,NULL,NULL,'SCCV DE LA FONTAINE (EVEL)',NULL,NULL,NULL,'2026-01-15',20,NULL,'en_cours',NULL,'df_u001','2026-03-05 23:29:51','2026-03-05 23:29:51','comp_df',NULL,'Mardi 9h','cli_019',NULL,'standalone');
INSERT INTO "projects" ("id","name","reference","address","city","postal_code","client_name","client_email","client_phone","description","start_date","duration_weeks","budget_ht","status","ai_prompt","created_by","created_at","updated_at","company_id","lot_types","meeting_time","client_id","parent_project_id","project_type") VALUES('xls_p035','CONSTR DE LOGEMENTS COLLECTIFS - METZ METMAN',NULL,NULL,NULL,NULL,'TERRALIA HABITAT - SCCV METZ METMAN',NULL,NULL,NULL,'2026-01-15',12,NULL,'en_cours',NULL,'df_u001','2026-03-05 23:29:51','2026-03-05 23:29:51','comp_df',NULL,'Mercredi 10h30','cli_020',NULL,'standalone');
INSERT INTO "projects" ("id","name","reference","address","city","postal_code","client_name","client_email","client_phone","description","start_date","duration_weeks","budget_ht","status","ai_prompt","created_by","created_at","updated_at","company_id","lot_types","meeting_time","client_id","parent_project_id","project_type") VALUES('xls_p036','ATELIERS MUNICIPAUX YUTZ',NULL,NULL,NULL,NULL,'SODEVAM',NULL,NULL,NULL,'2026-02-01',7,NULL,'en_cours',NULL,'df_u001','2026-03-05 23:29:51','2026-03-05 23:29:51','comp_df',NULL,'','cli_021',NULL,'standalone');
INSERT INTO "projects" ("id","name","reference","address","city","postal_code","client_name","client_email","client_phone","description","start_date","duration_weeks","budget_ht","status","ai_prompt","created_by","created_at","updated_at","company_id","lot_types","meeting_time","client_id","parent_project_id","project_type") VALUES('xls_p037','MAISON DES ASSOCIATIONS - ANCIENNE ECOLE DES VERGERS',NULL,NULL,NULL,NULL,'VILLE DE SARREGUEMINES',NULL,NULL,NULL,'2026-02-10',21,NULL,'en_cours',NULL,'df_u001','2026-03-05 23:29:51','2026-03-05 23:29:51','comp_df',NULL,'Mercredi 8h30','cli_032',NULL,'standalone');
INSERT INTO "projects" ("id","name","reference","address","city","postal_code","client_name","client_email","client_phone","description","start_date","duration_weeks","budget_ht","status","ai_prompt","created_by","created_at","updated_at","company_id","lot_types","meeting_time","client_id","parent_project_id","project_type") VALUES('xls_p038','RESIDENCE 31 LOGTS A MAIZIERES LES METZ',NULL,NULL,NULL,NULL,'SCCV HERACLES - IC2',NULL,NULL,NULL,'2026-02-16',5,NULL,'en_cours',NULL,'df_u001','2026-03-05 23:29:51','2026-03-05 23:29:51','comp_df',NULL,'Jeudi 14h30','cli_022',NULL,'standalone');
INSERT INTO "projects" ("id","name","reference","address","city","postal_code","client_name","client_email","client_phone","description","start_date","duration_weeks","budget_ht","status","ai_prompt","created_by","created_at","updated_at","company_id","lot_types","meeting_time","client_id","parent_project_id","project_type") VALUES('xls_p039','25 LOGTS - SCCV PAIXHANS LOT 19',NULL,NULL,NULL,NULL,'SCCV PAIXHANS',NULL,NULL,NULL,'2026-02-16',24,NULL,'en_cours',NULL,'df_u001','2026-03-05 23:29:51','2026-03-05 23:29:51','comp_df','["ECHAF","ITE","BARDAGE","LASURE"]','Lundi 8h','cli_023',NULL,'standalone');
INSERT INTO "projects" ("id","name","reference","address","city","postal_code","client_name","client_email","client_phone","description","start_date","duration_weeks","budget_ht","status","ai_prompt","created_by","created_at","updated_at","company_id","lot_types","meeting_time","client_id","parent_project_id","project_type") VALUES('xls_p040','CONSTR DE 13 LOGTS A METZ - SCCV VILLA 8',NULL,NULL,NULL,NULL,'SCCV VILLA 8 ASFELD',NULL,NULL,NULL,'2026-02-18',11,NULL,'en_cours',NULL,'df_u001','2026-03-05 23:29:51','2026-03-05 23:29:51','comp_df','["ECHAF","ENDUIT"]','','cli_024',NULL,'standalone');
INSERT INTO "projects" ("id","name","reference","address","city","postal_code","client_name","client_email","client_phone","description","start_date","duration_weeks","budget_ht","status","ai_prompt","created_by","created_at","updated_at","company_id","lot_types","meeting_time","client_id","parent_project_id","project_type") VALUES('xls_p041','REHON - CONSTR 16 LOGMT',NULL,NULL,NULL,NULL,'IDEA CONSTRUCTION',NULL,NULL,NULL,'2026-02-24',8,NULL,'en_cours',NULL,'df_u001','2026-03-05 23:29:51','2026-03-05 23:29:51','comp_df','["ECHAF","ENDUIT"]','','cli_012',NULL,'standalone');
INSERT INTO "projects" ("id","name","reference","address","city","postal_code","client_name","client_email","client_phone","description","start_date","duration_weeks","budget_ht","status","ai_prompt","created_by","created_at","updated_at","company_id","lot_types","meeting_time","client_id","parent_project_id","project_type") VALUES('xls_p042','PAVILLON NICOLAS ROMEO - MAISON INDIVIDUELLE',NULL,NULL,NULL,NULL,'CONCEPT IMMO',NULL,NULL,NULL,'2026-03-01',14,NULL,'en_cours',NULL,'df_u001','2026-03-05 23:29:51','2026-03-05 23:29:51','comp_df',NULL,'SUR CONVOC','cli_025',NULL,'standalone');
INSERT INTO "projects" ("id","name","reference","address","city","postal_code","client_name","client_email","client_phone","description","start_date","duration_weeks","budget_ht","status","ai_prompt","created_by","created_at","updated_at","company_id","lot_types","meeting_time","client_id","parent_project_id","project_type") VALUES('xls_p043','RE40 - CONSTR DE 40 LOGEMENTS A ALGRANGE',NULL,NULL,NULL,NULL,'MAGNUM IMMO - SERGE FINANCES',NULL,NULL,NULL,'2026-03-01',5,NULL,'en_cours',NULL,'df_u001','2026-03-05 23:29:51','2026-03-05 23:29:51','comp_df','["ECHAF","ITE"]','Mercredi 10h30','cli_028',NULL,'standalone');
INSERT INTO "projects" ("id","name","reference","address","city","postal_code","client_name","client_email","client_phone","description","start_date","duration_weeks","budget_ht","status","ai_prompt","created_by","created_at","updated_at","company_id","lot_types","meeting_time","client_id","parent_project_id","project_type") VALUES('xls_p044','REHA 6 LOGTS - SEM EMH',NULL,NULL,NULL,NULL,'SEM EMH',NULL,NULL,NULL,'2026-03-02',16,NULL,'en_cours',NULL,'df_u001','2026-03-05 23:29:51','2026-03-05 23:29:51','comp_df','["ECHAF","ITE"]','Mardi 9h','cli_002',NULL,'standalone');
INSERT INTO "projects" ("id","name","reference","address","city","postal_code","client_name","client_email","client_phone","description","start_date","duration_weeks","budget_ht","status","ai_prompt","created_by","created_at","updated_at","company_id","lot_types","meeting_time","client_id","parent_project_id","project_type") VALUES('xls_p045','REDANGE - PARTIE SOCIALE',NULL,NULL,NULL,NULL,'DELTA PROMOTION - SNC ECORED',NULL,NULL,NULL,'2026-03-03',23,NULL,'en_cours',NULL,'df_u001','2026-03-05 23:29:51','2026-03-07 16:38:55','comp_df','["ECHAF","ITE"]','Mercredi 10h','cli_030',NULL,'standalone');
INSERT INTO "projects" ("id","name","reference","address","city","postal_code","client_name","client_email","client_phone","description","start_date","duration_weeks","budget_ht","status","ai_prompt","created_by","created_at","updated_at","company_id","lot_types","meeting_time","client_id","parent_project_id","project_type") VALUES('xls_p046','REDANGE - 3 COLLECTIFS BAT A - B1 ET B2',NULL,NULL,NULL,NULL,'DELTA PROMOTION - SNC ECORED',NULL,NULL,NULL,'2026-03-15',21,NULL,'en_cours',NULL,'df_u001','2026-03-05 23:29:51','2026-03-05 23:29:51','comp_df','["ECHAF","ITE"]','Mercredi 9h','cli_030',NULL,'standalone');
INSERT INTO "projects" ("id","name","reference","address","city","postal_code","client_name","client_email","client_phone","description","start_date","duration_weeks","budget_ht","status","ai_prompt","created_by","created_at","updated_at","company_id","lot_types","meeting_time","client_id","parent_project_id","project_type") VALUES('xls_p047','LES RIVES D''AUSTRA - NANCY RIVES DE MEURTHE',NULL,NULL,NULL,NULL,'KAUFMAN ET BROAD',NULL,NULL,NULL,'2026-03-20',41,NULL,'en_cours',NULL,'df_u001','2026-03-05 23:29:51','2026-03-05 23:29:51','comp_df','["ECHAF","ENDUIT"]','Jeudi 9h30','cli_026',NULL,'standalone');
INSERT INTO "projects" ("id","name","reference","address","city","postal_code","client_name","client_email","client_phone","description","start_date","duration_weeks","budget_ht","status","ai_prompt","created_by","created_at","updated_at","company_id","lot_types","meeting_time","client_id","parent_project_id","project_type") VALUES('xls_p048','SCCV FAUCONNET',NULL,NULL,NULL,NULL,'CONCEPT IMMO',NULL,NULL,NULL,'2026-03-10',21,NULL,'en_cours',NULL,'df_u001','2026-03-05 23:29:51','2026-03-05 23:29:51','comp_df','["ECHAF","ENDUIT","LASURE"]','Jeudi 11h','cli_025',NULL,'standalone');
INSERT INTO "projects" ("id","name","reference","address","city","postal_code","client_name","client_email","client_phone","description","start_date","duration_weeks","budget_ht","status","ai_prompt","created_by","created_at","updated_at","company_id","lot_types","meeting_time","client_id","parent_project_id","project_type") VALUES('xls_p049','CENTRALANGE - 45 LOGMT - TALANGE',NULL,NULL,NULL,NULL,'NOVA HOMES',NULL,NULL,NULL,'2026-03-15',5,NULL,'en_cours',NULL,'df_u001','2026-03-05 23:29:51','2026-03-05 23:29:51','comp_df',NULL,'','cli_006',NULL,'standalone');
INSERT INTO "projects" ("id","name","reference","address","city","postal_code","client_name","client_email","client_phone","description","start_date","duration_weeks","budget_ht","status","ai_prompt","created_by","created_at","updated_at","company_id","lot_types","meeting_time","client_id","parent_project_id","project_type") VALUES('xls_p050','ITE COPRO CLOUANGE',NULL,NULL,NULL,NULL,'KATSIKAS',NULL,NULL,NULL,'2026-04-01',22,NULL,'en_cours',NULL,'df_u001','2026-03-05 23:29:51','2026-03-05 23:29:51','comp_df','["ITE"]','','cli_029',NULL,'standalone');
INSERT INTO "projects" ("id","name","reference","address","city","postal_code","client_name","client_email","client_phone","description","start_date","duration_weeks","budget_ht","status","ai_prompt","created_by","created_at","updated_at","company_id","lot_types","meeting_time","client_id","parent_project_id","project_type") VALUES('xls_p051','RAVALEMENT COPRO NILVANGE',NULL,NULL,NULL,NULL,'KATSIKAS',NULL,NULL,NULL,'2026-04-01',31,NULL,'en_cours',NULL,'df_u001','2026-03-05 23:29:51','2026-03-05 23:29:51','comp_df','["RAVALEMENT"]','','cli_029',NULL,'standalone');
INSERT INTO "projects" ("id","name","reference","address","city","postal_code","client_name","client_email","client_phone","description","start_date","duration_weeks","budget_ht","status","ai_prompt","created_by","created_at","updated_at","company_id","lot_types","meeting_time","client_id","parent_project_id","project_type") VALUES('xls_p052','LES BERGES DE NEPTUNE - 39 LOGTS',NULL,NULL,NULL,NULL,'CONCEPT IMMO',NULL,NULL,NULL,'2026-04-02',13,NULL,'en_cours',NULL,'df_u001','2026-03-05 23:29:51','2026-03-05 23:29:51','comp_df','["ECHAF"]','Mardi 14h','cli_025',NULL,'standalone');
INSERT INTO "projects" ("id","name","reference","address","city","postal_code","client_name","client_email","client_phone","description","start_date","duration_weeks","budget_ht","status","ai_prompt","created_by","created_at","updated_at","company_id","lot_types","meeting_time","client_id","parent_project_id","project_type") VALUES('xls_p053','DOMAINE DU VERGER - RAVALEMENT LOT 19',NULL,NULL,NULL,NULL,'STRADIM',NULL,NULL,NULL,'2026-04-07',6,NULL,'en_cours',NULL,'df_u001','2026-03-05 23:29:51','2026-03-05 23:29:51','comp_df','["RAVALEMENT"]','Mercredi 11h','cli_013',NULL,'standalone');
INSERT INTO "projects" ("id","name","reference","address","city","postal_code","client_name","client_email","client_phone","description","start_date","duration_weeks","budget_ht","status","ai_prompt","created_by","created_at","updated_at","company_id","lot_types","meeting_time","client_id","parent_project_id","project_type") VALUES('xls_p054','VILLERUPT - CONSTR 42 LOGMT',NULL,NULL,NULL,NULL,'IDEA CONSTRUCTION',NULL,NULL,NULL,'2026-05-02',18,NULL,'en_cours',NULL,'df_u001','2026-03-05 23:29:51','2026-03-05 23:29:51','comp_df','["ECHAF","ENDUIT"]','','cli_012',NULL,'standalone');
INSERT INTO "projects" ("id","name","reference","address","city","postal_code","client_name","client_email","client_phone","description","start_date","duration_weeks","budget_ht","status","ai_prompt","created_by","created_at","updated_at","company_id","lot_types","meeting_time","client_id","parent_project_id","project_type") VALUES('xls_p055','RENOVATION AGENCE BANCAIRE - CREDIT MUTUEL',NULL,NULL,NULL,NULL,'CREDIT MUTUEL',NULL,NULL,NULL,'2026-06-01',6,NULL,'en_cours',NULL,'df_u001','2026-03-05 23:29:51','2026-03-05 23:29:51','comp_df','["ENDUIT","BARDAGE"]','','cli_038',NULL,'standalone');
INSERT INTO "projects" ("id","name","reference","address","city","postal_code","client_name","client_email","client_phone","description","start_date","duration_weeks","budget_ht","status","ai_prompt","created_by","created_at","updated_at","company_id","lot_types","meeting_time","client_id","parent_project_id","project_type") VALUES('xls_p056','JARDIN DES LYS - 15 LOGTS',NULL,NULL,NULL,NULL,'CONCEPT IMMO',NULL,NULL,NULL,'2026-06-03',36,NULL,'en_cours',NULL,'df_u001','2026-03-05 23:29:51','2026-03-05 23:29:51','comp_df',NULL,'','cli_025',NULL,'standalone');
INSERT INTO "projects" ("id","name","reference","address","city","postal_code","client_name","client_email","client_phone","description","start_date","duration_weeks","budget_ht","status","ai_prompt","created_by","created_at","updated_at","company_id","lot_types","meeting_time","client_id","parent_project_id","project_type") VALUES('xls_p057','STUDIO 166 - 166 LOGTS ETUDIANTS',NULL,NULL,NULL,NULL,'KAUFMAN ET BROAD',NULL,NULL,NULL,'2026-07-01',22,NULL,'en_cours',NULL,'df_u001','2026-03-05 23:29:51','2026-03-05 23:29:51','comp_df','["ECHAF","ITE"]','','cli_026',NULL,'standalone');
INSERT INTO "projects" ("id","name","reference","address","city","postal_code","client_name","client_email","client_phone","description","start_date","duration_weeks","budget_ht","status","ai_prompt","created_by","created_at","updated_at","company_id","lot_types","meeting_time","client_id","parent_project_id","project_type") VALUES('xls_p058','8 LOGTS COLLECTIFS - SCI BRUNO',NULL,NULL,NULL,NULL,'SCI BRUNO',NULL,NULL,NULL,'2026-07-01',16,NULL,'en_cours',NULL,'df_u001','2026-03-05 23:29:51','2026-03-05 23:29:51','comp_df',NULL,'','cli_037',NULL,'standalone');
INSERT INTO "projects" ("id","name","reference","address","city","postal_code","client_name","client_email","client_phone","description","start_date","duration_weeks","budget_ht","status","ai_prompt","created_by","created_at","updated_at","company_id","lot_types","meeting_time","client_id","parent_project_id","project_type") VALUES('xls_p059','CENTRALIA - 37 LOGTS COLL A UCKANGE',NULL,NULL,NULL,NULL,'IMMOBILIERE GEORGES',NULL,NULL,NULL,'2026-08-01',9,NULL,'en_cours',NULL,'df_u001','2026-03-05 23:29:51','2026-03-05 23:29:51','comp_df',NULL,'','cli_034',NULL,'standalone');
INSERT INTO "projects" ("id","name","reference","address","city","postal_code","client_name","client_email","client_phone","description","start_date","duration_weeks","budget_ht","status","ai_prompt","created_by","created_at","updated_at","company_id","lot_types","meeting_time","client_id","parent_project_id","project_type") VALUES('xls_p060','RESIDENCE UNIVERSITAIRE 121 STUDIOS - ALL SUITE STUDY',NULL,NULL,NULL,NULL,'GROUPE PICHET - I2C',NULL,NULL,NULL,'2026-08-20',29,NULL,'en_cours',NULL,'df_u001','2026-03-05 23:29:51','2026-03-05 23:29:51','comp_df',NULL,'','cli_035',NULL,'standalone');
INSERT INTO "projects" ("id","name","reference","address","city","postal_code","client_name","client_email","client_phone","description","start_date","duration_weeks","budget_ht","status","ai_prompt","created_by","created_at","updated_at","company_id","lot_types","meeting_time","client_id","parent_project_id","project_type") VALUES('xls_p061','LES MELIADES - 130 LOGTS A METZ',NULL,NULL,NULL,NULL,'ICADE PROMOTION - SNC IP1R',NULL,NULL,NULL,'2026-09-01',33,NULL,'en_cours',NULL,'df_u001','2026-03-05 23:29:51','2026-03-05 23:29:51','comp_df','["ECHAF","RAVALEMENT","BARDAGE"]','Lundi 14h30','cli_036',NULL,'standalone');
INSERT INTO "projects" ("id","name","reference","address","city","postal_code","client_name","client_email","client_phone","description","start_date","duration_weeks","budget_ht","status","ai_prompt","created_by","created_at","updated_at","company_id","lot_types","meeting_time","client_id","parent_project_id","project_type") VALUES('xls_p062','36 LOGTS COLLECTIFS A METZ GAB',NULL,NULL,NULL,NULL,'VIVEST',NULL,NULL,NULL,'2026-10-26',8,NULL,'en_cours',NULL,'df_u001','2026-03-05 23:29:51','2026-03-05 23:29:51','comp_df','["ECHAF"]','Jeudi 11h','cli_004',NULL,'standalone');
INSERT INTO "projects" ("id","name","reference","address","city","postal_code","client_name","client_email","client_phone","description","start_date","duration_weeks","budget_ht","status","ai_prompt","created_by","created_at","updated_at","company_id","lot_types","meeting_time","client_id","parent_project_id","project_type") VALUES('xls_p063','RESIDENCE DU CREVE COEUR - 25 LOGTS',NULL,NULL,NULL,NULL,'IMMOBILIERE GEORGES',NULL,NULL,NULL,'2027-03-01',11,NULL,'en_cours',NULL,'df_u001','2026-03-05 23:29:51','2026-03-05 23:29:51','comp_df',NULL,'','cli_034',NULL,'standalone');
INSERT INTO "projects" ("id","name","reference","address","city","postal_code","client_name","client_email","client_phone","description","start_date","duration_weeks","budget_ht","status","ai_prompt","created_by","created_at","updated_at","company_id","lot_types","meeting_time","client_id","parent_project_id","project_type") VALUES('xls_p064','EHPAD PIERRE HERMENT',NULL,NULL,NULL,NULL,'FONTION BOMPARD - DM INGENIERIE',NULL,NULL,NULL,'2026-03-15',36,NULL,'en_cours',NULL,'df_u001','2026-03-05 23:29:51','2026-03-05 23:29:51','comp_df','["ECHAF"]','Lundi 14h','cli_031',NULL,'standalone');
INSERT INTO "projects" ("id","name","reference","address","city","postal_code","client_name","client_email","client_phone","description","start_date","duration_weeks","budget_ht","status","ai_prompt","created_by","created_at","updated_at","company_id","lot_types","meeting_time","client_id","parent_project_id","project_type") VALUES('xls_p074','ANDRE MALRAUX A METZ - MURET / ZINGUERIE / MUR MITOYEN',NULL,NULL,NULL,NULL,'MARTEL IMMO',NULL,NULL,NULL,'2026-02-16',5,NULL,'en_cours',NULL,'df_u001','2026-03-05 23:29:51','2026-03-05 23:29:51','comp_df',NULL,'Mardi 9h','cli_016',NULL,'standalone');
INSERT INTO "projects" ("id","name","reference","address","city","postal_code","client_name","client_email","client_phone","description","start_date","duration_weeks","budget_ht","status","ai_prompt","created_by","created_at","updated_at","company_id","lot_types","meeting_time","client_id","parent_project_id","project_type") VALUES('xls_p075','AMELIORATION ENERGETIQUE MATERNELLE - RODEMACK',NULL,NULL,NULL,NULL,'COMMUNE DE RODEMACK',NULL,NULL,NULL,'2026-04-25',6,NULL,'en_cours',NULL,'df_u001','2026-03-05 23:29:51','2026-03-05 23:29:51','comp_df',NULL,'','cli_043',NULL,'standalone');
INSERT INTO "projects" ("id","name","reference","address","city","postal_code","client_name","client_email","client_phone","description","start_date","duration_weeks","budget_ht","status","ai_prompt","created_by","created_at","updated_at","company_id","lot_types","meeting_time","client_id","parent_project_id","project_type") VALUES('xls_p078','ITE COPRO 7 RUE DE BELGRADE - MONTIGNY - MODELE',NULL,NULL,NULL,NULL,'KATSIKAS',NULL,NULL,NULL,'2026-04-15',11,NULL,'devis',NULL,'df_u001','2026-03-05 23:29:51','2026-03-06 16:06:51','comp_df','["ITE"]',NULL,'cli_029',NULL,'standalone');
INSERT INTO "projects" ("id","name","reference","address","city","postal_code","client_name","client_email","client_phone","description","start_date","duration_weeks","budget_ht","status","ai_prompt","created_by","created_at","updated_at","company_id","lot_types","meeting_time","client_id","parent_project_id","project_type") VALUES('xls_p065','RESIDENCE JEUNES ACTIFS - 33 LOGTS A AMNEVILLE',NULL,NULL,NULL,NULL,'GROUPE HABITER',NULL,NULL,NULL,'2024-01-08',NULL,NULL,'programme',NULL,'df_u001','2026-03-05 23:29:51','2026-03-06 05:50:54','comp_df',NULL,'Mardi 8h30','cli_033',NULL,'standalone');
INSERT INTO "projects" ("id","name","reference","address","city","postal_code","client_name","client_email","client_phone","description","start_date","duration_weeks","budget_ht","status","ai_prompt","created_by","created_at","updated_at","company_id","lot_types","meeting_time","client_id","parent_project_id","project_type") VALUES('xls_p066','CENTRAL PARC - 27 LOGTS A MONTIGNY LES METZ',NULL,NULL,NULL,NULL,'GROUPE HABITER',NULL,NULL,NULL,'2024-01-08',NULL,NULL,'programme',NULL,'df_u001','2026-03-05 23:29:51','2026-03-06 05:50:54','comp_df',NULL,'','cli_033',NULL,'standalone');
INSERT INTO "projects" ("id","name","reference","address","city","postal_code","client_name","client_email","client_phone","description","start_date","duration_weeks","budget_ht","status","ai_prompt","created_by","created_at","updated_at","company_id","lot_types","meeting_time","client_id","parent_project_id","project_type") VALUES('xls_p067','267 - 37 LOGTS COLLECTIFS BAT AULNE',NULL,NULL,NULL,NULL,'GROUPE HABITER',NULL,NULL,NULL,'2024-01-08',NULL,NULL,'programme',NULL,'df_u001','2026-03-05 23:29:51','2026-03-06 05:50:54','comp_df',NULL,'','cli_033',NULL,'standalone');
INSERT INTO "projects" ("id","name","reference","address","city","postal_code","client_name","client_email","client_phone","description","start_date","duration_weeks","budget_ht","status","ai_prompt","created_by","created_at","updated_at","company_id","lot_types","meeting_time","client_id","parent_project_id","project_type") VALUES('xls_p068','266 - 4 BAT + 148 PLACES STATIONNEMENTS - FACADE PIERRE',NULL,NULL,NULL,NULL,'GROUPE HABITER',NULL,NULL,NULL,'2024-01-08',NULL,NULL,'programme',NULL,'df_u001','2026-03-05 23:29:51','2026-03-06 05:50:54','comp_df',NULL,'','cli_033',NULL,'standalone');
INSERT INTO "projects" ("id","name","reference","address","city","postal_code","client_name","client_email","client_phone","description","start_date","duration_weeks","budget_ht","status","ai_prompt","created_by","created_at","updated_at","company_id","lot_types","meeting_time","client_id","parent_project_id","project_type") VALUES('xls_p069','268 - 42 LOGTS BAT B GAIA',NULL,NULL,NULL,NULL,'GROUPE HABITER',NULL,NULL,NULL,'2024-01-08',NULL,NULL,'programme',NULL,'df_u001','2026-03-05 23:29:51','2026-03-07 16:34:44','comp_df',NULL,'','cli_033',NULL,'standalone');
INSERT INTO "projects" ("id","name","reference","address","city","postal_code","client_name","client_email","client_phone","description","start_date","duration_weeks","budget_ht","status","ai_prompt","created_by","created_at","updated_at","company_id","lot_types","meeting_time","client_id","parent_project_id","project_type") VALUES('xls_p070','270 - 43 LOGTS BAT D DOUGLAS',NULL,NULL,NULL,NULL,'GROUPE HABITER',NULL,NULL,NULL,'2024-01-08',NULL,NULL,'programme',NULL,'df_u001','2026-03-05 23:29:51','2026-03-06 05:50:54','comp_df','["BARDAGE"]','','cli_033',NULL,'standalone');
INSERT INTO "projects" ("id","name","reference","address","city","postal_code","client_name","client_email","client_phone","description","start_date","duration_weeks","budget_ht","status","ai_prompt","created_by","created_at","updated_at","company_id","lot_types","meeting_time","client_id","parent_project_id","project_type") VALUES('xls_p071','M2 PROMO - 29 LOGTS A VITRY SUR ORNE',NULL,NULL,NULL,NULL,'M2 PROMOTION - LMO',NULL,NULL,NULL,'2024-01-08',NULL,NULL,'programme',NULL,'df_u001','2026-03-05 23:29:51','2026-03-06 05:50:54','comp_df',NULL,'Jeudi 10h','cli_041',NULL,'standalone');
INSERT INTO "projects" ("id","name","reference","address","city","postal_code","client_name","client_email","client_phone","description","start_date","duration_weeks","budget_ht","status","ai_prompt","created_by","created_at","updated_at","company_id","lot_types","meeting_time","client_id","parent_project_id","project_type") VALUES('xls_p072','RSS48 - 48 LOGEMENTS A ALGRANGE',NULL,NULL,NULL,NULL,'MAGNUM IMMO - SERGE FINANCES',NULL,NULL,NULL,'2024-01-08',NULL,NULL,'programme',NULL,'df_u001','2026-03-05 23:29:51','2026-03-06 05:50:54','comp_df','["ECHAF","ENDUIT"]','Mercredi 10h30','cli_028',NULL,'standalone');
INSERT INTO "projects" ("id","name","reference","address","city","postal_code","client_name","client_email","client_phone","description","start_date","duration_weeks","budget_ht","status","ai_prompt","created_by","created_at","updated_at","company_id","lot_types","meeting_time","client_id","parent_project_id","project_type") VALUES('xls_p073','ATELIERS MUNICIPAUX - MAIRIE DE PELTRE',NULL,NULL,NULL,NULL,'MAIRIE DE PELTRE',NULL,NULL,NULL,'2024-01-08',NULL,NULL,'programme',NULL,'df_u001','2026-03-05 23:29:51','2026-03-06 05:50:54','comp_df',NULL,'','cli_042',NULL,'standalone');
INSERT INTO "projects" ("id","name","reference","address","city","postal_code","client_name","client_email","client_phone","description","start_date","duration_weeks","budget_ht","status","ai_prompt","created_by","created_at","updated_at","company_id","lot_types","meeting_time","client_id","parent_project_id","project_type") VALUES('xls_p076','HUSSIGNY - CONSTR 18 LOGMT',NULL,NULL,NULL,NULL,'IDEA CONSTRUCTION',NULL,NULL,NULL,'2024-01-08',NULL,NULL,'programme',NULL,'df_u001','2026-03-05 23:29:51','2026-03-06 05:50:54','comp_df','["ECHAF","ENDUIT"]','','cli_012',NULL,'standalone');
INSERT INTO "projects" ("id","name","reference","address","city","postal_code","client_name","client_email","client_phone","description","start_date","duration_weeks","budget_ht","status","ai_prompt","created_by","created_at","updated_at","company_id","lot_types","meeting_time","client_id","parent_project_id","project_type") VALUES('xls_p077','10 LOGEMENTS SENIORS SEM EMH',NULL,NULL,NULL,NULL,'SEM EMH',NULL,NULL,NULL,'2024-01-08',NULL,NULL,'programme',NULL,'df_u001','2026-03-05 23:29:51','2026-03-06 05:50:54','comp_df',NULL,'','cli_002',NULL,'standalone');
INSERT INTO "projects" ("id","name","reference","address","city","postal_code","client_name","client_email","client_phone","description","start_date","duration_weeks","budget_ht","status","ai_prompt","created_by","created_at","updated_at","company_id","lot_types","meeting_time","client_id","parent_project_id","project_type") VALUES('proj_eac58e6e6792da0e88bfb9d2178004dc','test',NULL,NULL,NULL,NULL,'ben',NULL,NULL,NULL,'2026-03-01',40,NULL,'programme',NULL,'usr_admin_v2_001','2026-03-06 09:16:21','2026-03-06 15:34:17','comp_df','["FACADE_GRESEE","ECHAF","ITE"]',NULL,NULL,NULL,'standalone');
INSERT INTO "projects" ("id","name","reference","address","city","postal_code","client_name","client_email","client_phone","description","start_date","duration_weeks","budget_ht","status","ai_prompt","created_by","created_at","updated_at","company_id","lot_types","meeting_time","client_id","parent_project_id","project_type") VALUES('proj_d81636977d1b39886f86ca89c3f2aa26','KANFEN','K01','26 route de zouftgen','KANFEN','57330','O2I KANFEN',NULL,NULL,'réalisation de 2 maisons individuelles neuve en tout corps d''état (lot A et lot C) ET rénovation a neuf d''une maison existante avec démolition préalable , évacuation des dechets etc.. puis reconstruction (lot B). nous sommes en tout corps d''état pour les trois lots.','2024-10-01',108,NULL,'en_cours',NULL,'u_79369efe1b6c61115587db576055bc4e','2026-03-08 00:42:58','2026-03-08 00:49:31','company_001',NULL,NULL,'cli_b9d66eb092a04e108b2c4e310f19cf5d',NULL,'standalone');
CREATE TABLE lots (
  id TEXT PRIMARY KEY,
  project_id TEXT NOT NULL REFERENCES projects(id) ON DELETE CASCADE,
  code TEXT NOT NULL,
  name TEXT NOT NULL,
  name_tr TEXT,
  duration_days INTEGER NOT NULL DEFAULT 10,
  start_date_planned TEXT,
  end_date_planned TEXT,
  start_date_actual TEXT,
  end_date_actual TEXT,
  progress_percent INTEGER DEFAULT 0,
  status TEXT DEFAULT 'pending',
  subcontractor_id TEXT REFERENCES users(id),
  color TEXT DEFAULT '#6B7280',
  zone TEXT,
  notes TEXT,
  is_critical INTEGER DEFAULT 0,
  early_start INTEGER DEFAULT 0,
  early_finish INTEGER DEFAULT 0,
  late_start INTEGER DEFAULT 0,
  late_finish INTEGER DEFAULT 0,
  total_float INTEGER DEFAULT 0,
  sort_order INTEGER DEFAULT 0,
  created_at TEXT DEFAULT (datetime('now')),
  updated_at TEXT DEFAULT (datetime('now'))
, market_deadline TEXT, is_provisional INTEGER DEFAULT 0, parent_lot_id TEXT REFERENCES lots(id) ON DELETE SET NULL, team_id TEXT REFERENCES teams(id) ON DELETE SET NULL);
INSERT INTO "lots" ("id","project_id","code","name","name_tr","duration_days","start_date_planned","end_date_planned","start_date_actual","end_date_actual","progress_percent","status","subcontractor_id","color","zone","notes","is_critical","early_start","early_finish","late_start","late_finish","total_float","sort_order","created_at","updated_at","market_deadline","is_provisional","parent_lot_id","team_id") VALUES('l_xls_p078_EC00','xls_p078','EC00','Installation échafaudage',NULL,5,'2026-04-15','2026-04-22',NULL,NULL,0,'pending',NULL,'#6B7280',NULL,NULL,1,0,5,0,5,0,1,'2026-03-06 05:17:04','2026-03-07 15:46:10',NULL,0,NULL,'df_team_004');
INSERT INTO "lots" ("id","project_id","code","name","name_tr","duration_days","start_date_planned","end_date_planned","start_date_actual","end_date_actual","progress_percent","status","subcontractor_id","color","zone","notes","is_critical","early_start","early_finish","late_start","late_finish","total_float","sort_order","created_at","updated_at","market_deadline","is_provisional","parent_lot_id","team_id") VALUES('l_xls_p078_IT10','xls_p078','IT10','ITE — Préparation supports',NULL,5,'2026-04-22','2026-04-29',NULL,NULL,0,'pending',NULL,'#1D4ED8',NULL,NULL,1,5,10,5,10,0,10,'2026-03-06 05:17:05','2026-03-07 15:46:10',NULL,0,NULL,NULL);
INSERT INTO "lots" ("id","project_id","code","name","name_tr","duration_days","start_date_planned","end_date_planned","start_date_actual","end_date_actual","progress_percent","status","subcontractor_id","color","zone","notes","is_critical","early_start","early_finish","late_start","late_finish","total_float","sort_order","created_at","updated_at","market_deadline","is_provisional","parent_lot_id","team_id") VALUES('l_xls_p078_IT11','xls_p078','IT11','Pose isolant',NULL,21,'2026-04-29','2026-05-28',NULL,NULL,0,'pending','df_u006','#3B82F6',NULL,NULL,1,10,31,10,31,0,11,'2026-03-06 05:17:07','2026-03-07 15:46:10',NULL,0,'l_xls_p078_IT10',NULL);
INSERT INTO "lots" ("id","project_id","code","name","name_tr","duration_days","start_date_planned","end_date_planned","start_date_actual","end_date_actual","progress_percent","status","subcontractor_id","color","zone","notes","is_critical","early_start","early_finish","late_start","late_finish","total_float","sort_order","created_at","updated_at","market_deadline","is_provisional","parent_lot_id","team_id") VALUES('l_xls_p078_IT12','xls_p078','IT12','Enduit de finition ITE',NULL,14,'2026-06-01','2026-06-19',NULL,NULL,0,'pending',NULL,'#60A5FA',NULL,NULL,1,33,47,33,47,0,12,'2026-03-06 05:17:08','2026-03-07 15:46:10',NULL,0,'l_xls_p078_IT10',NULL);
INSERT INTO "lots" ("id","project_id","code","name","name_tr","duration_days","start_date_planned","end_date_planned","start_date_actual","end_date_actual","progress_percent","status","subcontractor_id","color","zone","notes","is_critical","early_start","early_finish","late_start","late_finish","total_float","sort_order","created_at","updated_at","market_deadline","is_provisional","parent_lot_id","team_id") VALUES('l_xls_p078_EN20','xls_p078','EN20','Enduit — Préparation supports',NULL,3,'2026-04-22','2026-04-27',NULL,NULL,0,'pending',NULL,'#92400E',NULL,NULL,0,5,8,21,24,16,20,'2026-03-06 05:17:10','2026-03-07 15:46:10',NULL,0,NULL,NULL);
INSERT INTO "lots" ("id","project_id","code","name","name_tr","duration_days","start_date_planned","end_date_planned","start_date_actual","end_date_actual","progress_percent","status","subcontractor_id","color","zone","notes","is_critical","early_start","early_finish","late_start","late_finish","total_float","sort_order","created_at","updated_at","market_deadline","is_provisional","parent_lot_id","team_id") VALUES('l_xls_p078_EN21','xls_p078','EN21','Application enduit projeté',NULL,14,'2026-04-27','2026-05-15',NULL,NULL,0,'pending',NULL,'#D97706',NULL,NULL,0,8,22,24,38,16,21,'2026-03-06 05:17:12','2026-03-07 15:46:10',NULL,0,'l_xls_p078_EN20',NULL);
INSERT INTO "lots" ("id","project_id","code","name","name_tr","duration_days","start_date_planned","end_date_planned","start_date_actual","end_date_actual","progress_percent","status","subcontractor_id","color","zone","notes","is_critical","early_start","early_finish","late_start","late_finish","total_float","sort_order","created_at","updated_at","market_deadline","is_provisional","parent_lot_id","team_id") VALUES('l_xls_p078_EN22','xls_p078','EN22','Finitions / lissage',NULL,7,'2026-05-19','2026-05-28',NULL,NULL,0,'pending',NULL,'#FCD34D',NULL,NULL,0,24,31,40,47,16,22,'2026-03-06 05:17:14','2026-03-07 15:46:10',NULL,0,'l_xls_p078_EN20',NULL);
INSERT INTO "lots" ("id","project_id","code","name","name_tr","duration_days","start_date_planned","end_date_planned","start_date_actual","end_date_actual","progress_percent","status","subcontractor_id","color","zone","notes","is_critical","early_start","early_finish","late_start","late_finish","total_float","sort_order","created_at","updated_at","market_deadline","is_provisional","parent_lot_id","team_id") VALUES('l_xls_p078_BA30','xls_p078','BA30','Bardage — Ossature',NULL,14,'2026-04-22','2026-05-12',NULL,NULL,0,'pending',NULL,'#065F46',NULL,NULL,0,5,19,20,34,15,30,'2026-03-06 05:17:16','2026-03-07 15:46:10',NULL,0,NULL,NULL);
INSERT INTO "lots" ("id","project_id","code","name","name_tr","duration_days","start_date_planned","end_date_planned","start_date_actual","end_date_actual","progress_percent","status","subcontractor_id","color","zone","notes","is_critical","early_start","early_finish","late_start","late_finish","total_float","sort_order","created_at","updated_at","market_deadline","is_provisional","parent_lot_id","team_id") VALUES('l_xls_p078_BA31','xls_p078','BA31','Pose parement bardage',NULL,21,'2026-05-12','2026-06-10',NULL,NULL,0,'pending',NULL,'#10B981',NULL,NULL,0,19,40,34,55,15,31,'2026-03-06 05:17:17','2026-03-07 15:46:10',NULL,0,'l_xls_p078_BA30',NULL);
INSERT INTO "lots" ("id","project_id","code","name","name_tr","duration_days","start_date_planned","end_date_planned","start_date_actual","end_date_actual","progress_percent","status","subcontractor_id","color","zone","notes","is_critical","early_start","early_finish","late_start","late_finish","total_float","sort_order","created_at","updated_at","market_deadline","is_provisional","parent_lot_id","team_id") VALUES('l_xls_p078_LA40','xls_p078','LA40','Lasure / Hydrofuge',NULL,5,'2026-06-24','2026-07-01',NULL,NULL,0,'pending',NULL,'#7C3AED',NULL,NULL,1,50,55,50,55,0,40,'2026-03-06 05:17:19','2026-03-07 15:46:10',NULL,0,NULL,NULL);
INSERT INTO "lots" ("id","project_id","code","name","name_tr","duration_days","start_date_planned","end_date_planned","start_date_actual","end_date_actual","progress_percent","status","subcontractor_id","color","zone","notes","is_critical","early_start","early_finish","late_start","late_finish","total_float","sort_order","created_at","updated_at","market_deadline","is_provisional","parent_lot_id","team_id") VALUES('l_xls_p078_RA50','xls_p078','RA50','Ravalement — Nettoyage/décapage',NULL,5,'2026-04-22','2026-04-29',NULL,NULL,0,'pending',NULL,'#9F1239',NULL,NULL,0,5,10,25,30,20,50,'2026-03-06 05:17:21','2026-03-07 15:46:10',NULL,0,NULL,NULL);
INSERT INTO "lots" ("id","project_id","code","name","name_tr","duration_days","start_date_planned","end_date_planned","start_date_actual","end_date_actual","progress_percent","status","subcontractor_id","color","zone","notes","is_critical","early_start","early_finish","late_start","late_finish","total_float","sort_order","created_at","updated_at","market_deadline","is_provisional","parent_lot_id","team_id") VALUES('l_xls_p078_RA51','xls_p078','RA51','Réparations / rebouchage',NULL,10,'2026-04-29','2026-05-13',NULL,NULL,0,'pending',NULL,'#E11D48',NULL,NULL,0,10,20,30,40,20,51,'2026-03-06 05:17:22','2026-03-07 15:46:10',NULL,0,'l_xls_p078_RA50',NULL);
INSERT INTO "lots" ("id","project_id","code","name","name_tr","duration_days","start_date_planned","end_date_planned","start_date_actual","end_date_actual","progress_percent","status","subcontractor_id","color","zone","notes","is_critical","early_start","early_finish","late_start","late_finish","total_float","sort_order","created_at","updated_at","market_deadline","is_provisional","parent_lot_id","team_id") VALUES('l_xls_p078_RA52','xls_p078','RA52','Finition ravalement',NULL,7,'2026-05-13','2026-05-22',NULL,NULL,0,'pending',NULL,'#F43F5E',NULL,NULL,0,20,27,40,47,20,52,'2026-03-06 05:17:24','2026-03-07 15:46:10',NULL,0,'l_xls_p078_RA50',NULL);
INSERT INTO "lots" ("id","project_id","code","name","name_tr","duration_days","start_date_planned","end_date_planned","start_date_actual","end_date_actual","progress_percent","status","subcontractor_id","color","zone","notes","is_critical","early_start","early_finish","late_start","late_finish","total_float","sort_order","created_at","updated_at","market_deadline","is_provisional","parent_lot_id","team_id") VALUES('l_xls_p078_EC99','xls_p078','EC99','Dépose échafaudage',NULL,3,'2026-07-01','2026-07-06',NULL,NULL,0,'pending',NULL,'#4B5563',NULL,NULL,1,55,58,55,58,0,99,'2026-03-06 05:17:25','2026-03-07 15:46:10',NULL,0,NULL,NULL);
INSERT INTO "lots" ("id","project_id","code","name","name_tr","duration_days","start_date_planned","end_date_planned","start_date_actual","end_date_actual","progress_percent","status","subcontractor_id","color","zone","notes","is_critical","early_start","early_finish","late_start","late_finish","total_float","sort_order","created_at","updated_at","market_deadline","is_provisional","parent_lot_id","team_id") VALUES('lot_6fb6592fcfccec04c8923476a54be8fc','xls_p075','EC99','Dépose échafaudage',NULL,3,'2026-04-25','2026-04-29',NULL,NULL,0,'pending','df_u006','#4B5563',NULL,NULL,1,0,3,0,3,0,99,'2026-03-06 17:08:01','2026-03-07 15:46:12',NULL,0,NULL,NULL);
INSERT INTO "lots" ("id","project_id","code","name","name_tr","duration_days","start_date_planned","end_date_planned","start_date_actual","end_date_actual","progress_percent","status","subcontractor_id","color","zone","notes","is_critical","early_start","early_finish","late_start","late_finish","total_float","sort_order","created_at","updated_at","market_deadline","is_provisional","parent_lot_id","team_id") VALUES('lot_fa135c612745721abca836e14d9400d8','xls_p066','IT10','ITE — Préparation supports',NULL,5,'2024-01-08','2024-01-15',NULL,NULL,0,'pending',NULL,'#1D4ED8',NULL,NULL,1,0,5,0,5,0,10,'2026-03-06 20:16:18','2026-03-07 15:46:11',NULL,0,NULL,NULL);
INSERT INTO "lots" ("id","project_id","code","name","name_tr","duration_days","start_date_planned","end_date_planned","start_date_actual","end_date_actual","progress_percent","status","subcontractor_id","color","zone","notes","is_critical","early_start","early_finish","late_start","late_finish","total_float","sort_order","created_at","updated_at","market_deadline","is_provisional","parent_lot_id","team_id") VALUES('lot_5f5c92308ce9873a0973928b3a6f9c52','xls_p066','IT11','Pose isolant',NULL,21,'2024-01-15','2024-02-13',NULL,NULL,0,'pending',NULL,'#3B82F6',NULL,NULL,1,5,26,5,26,0,11,'2026-03-06 20:16:18','2026-03-07 15:46:11',NULL,0,'lot_fa135c612745721abca836e14d9400d8','df_team_008');
INSERT INTO "lots" ("id","project_id","code","name","name_tr","duration_days","start_date_planned","end_date_planned","start_date_actual","end_date_actual","progress_percent","status","subcontractor_id","color","zone","notes","is_critical","early_start","early_finish","late_start","late_finish","total_float","sort_order","created_at","updated_at","market_deadline","is_provisional","parent_lot_id","team_id") VALUES('lot_434a466481065606d709674d6222f691','xls_p069','EC00','Installation échafaudage',NULL,67,'2024-01-08','2024-03-15',NULL,NULL,0,'pending',NULL,'#6B7280',NULL,NULL,1,0,67,0,5,0,1,'2026-03-07 16:34:27','2026-03-07 16:34:57',NULL,0,NULL,NULL);
INSERT INTO "lots" ("id","project_id","code","name","name_tr","duration_days","start_date_planned","end_date_planned","start_date_actual","end_date_actual","progress_percent","status","subcontractor_id","color","zone","notes","is_critical","early_start","early_finish","late_start","late_finish","total_float","sort_order","created_at","updated_at","market_deadline","is_provisional","parent_lot_id","team_id") VALUES('lot_eccd0bf89bb999a396f45c8a1679a80e','xls_p069','IT10','ITE — Préparation supports',NULL,159,'2024-01-08','2024-06-15',NULL,NULL,0,'pending',NULL,'#1D4ED8',NULL,NULL,1,0,159,0,5,0,10,'2026-03-07 16:34:27','2026-03-07 16:35:09',NULL,0,NULL,NULL);
INSERT INTO "lots" ("id","project_id","code","name","name_tr","duration_days","start_date_planned","end_date_planned","start_date_actual","end_date_actual","progress_percent","status","subcontractor_id","color","zone","notes","is_critical","early_start","early_finish","late_start","late_finish","total_float","sort_order","created_at","updated_at","market_deadline","is_provisional","parent_lot_id","team_id") VALUES('lot_3c8c8874aa02596ac68615300fce744c','xls_p045','L01','VRD / Terrassement','Altyapı / Hafriyat',15,'2026-03-03','2026-03-24',NULL,NULL,0,'pending',NULL,'#8B4513','Extérieur',NULL,1,0,15,0,15,0,1,'2026-03-07 16:38:07','2026-03-07 16:38:11',NULL,0,NULL,NULL);
INSERT INTO "lots" ("id","project_id","code","name","name_tr","duration_days","start_date_planned","end_date_planned","start_date_actual","end_date_actual","progress_percent","status","subcontractor_id","color","zone","notes","is_critical","early_start","early_finish","late_start","late_finish","total_float","sort_order","created_at","updated_at","market_deadline","is_provisional","parent_lot_id","team_id") VALUES('lot_036bda724d53c4536c3fbbc688a11bbf','xls_p045','L02','Gros Œuvre / Fondations','Kaba Yapı / Temel',45,'2026-03-24','2026-05-26',NULL,NULL,0,'pending',NULL,'#696969','Tous niveaux',NULL,1,15,60,15,60,0,2,'2026-03-07 16:38:07','2026-03-07 16:38:11',NULL,0,NULL,NULL);
INSERT INTO "lots" ("id","project_id","code","name","name_tr","duration_days","start_date_planned","end_date_planned","start_date_actual","end_date_actual","progress_percent","status","subcontractor_id","color","zone","notes","is_critical","early_start","early_finish","late_start","late_finish","total_float","sort_order","created_at","updated_at","market_deadline","is_provisional","parent_lot_id","team_id") VALUES('lot_4033ab626eaa96604e4b1a5f15fb2667','xls_p045','L03','Charpente / Ossature','Çatı Çerçevesi / Taşıyıcı',20,'2026-05-26','2026-06-23',NULL,NULL,0,'pending',NULL,'#8B6914','Toiture',NULL,0,60,80,68,88,8,3,'2026-03-07 16:38:07','2026-03-07 16:38:11',NULL,0,NULL,NULL);
INSERT INTO "lots" ("id","project_id","code","name","name_tr","duration_days","start_date_planned","end_date_planned","start_date_actual","end_date_actual","progress_percent","status","subcontractor_id","color","zone","notes","is_critical","early_start","early_finish","late_start","late_finish","total_float","sort_order","created_at","updated_at","market_deadline","is_provisional","parent_lot_id","team_id") VALUES('lot_f734dbae7bb1178dac204f2537bc418b','xls_p045','L04','Couverture / Étanchéité','Çatı Örtüsü / Su Yalıtımı',15,'2026-06-23','2026-07-14',NULL,NULL,0,'pending',NULL,'#2F4F4F','Toiture',NULL,0,80,95,88,103,8,4,'2026-03-07 16:38:07','2026-03-07 16:38:11',NULL,0,NULL,NULL);
INSERT INTO "lots" ("id","project_id","code","name","name_tr","duration_days","start_date_planned","end_date_planned","start_date_actual","end_date_actual","progress_percent","status","subcontractor_id","color","zone","notes","is_critical","early_start","early_finish","late_start","late_finish","total_float","sort_order","created_at","updated_at","market_deadline","is_provisional","parent_lot_id","team_id") VALUES('lot_231c3031e0622477bf09a9b5eadae5cb','xls_p045','L05','Menuiseries Extérieures','Dış Doğramalar',12,'2026-06-30','2026-07-16',NULL,NULL,0,'pending',NULL,'#4169E1','Façades',NULL,0,85,97,93,105,8,5,'2026-03-07 16:38:07','2026-03-07 16:38:11',NULL,0,NULL,NULL);
INSERT INTO "lots" ("id","project_id","code","name","name_tr","duration_days","start_date_planned","end_date_planned","start_date_actual","end_date_actual","progress_percent","status","subcontractor_id","color","zone","notes","is_critical","early_start","early_finish","late_start","late_finish","total_float","sort_order","created_at","updated_at","market_deadline","is_provisional","parent_lot_id","team_id") VALUES('lot_4c15282e40ac50238476a184e56afbbc','xls_p045','L06','Ravalement / Façade','Cephe / Sıva',20,'2026-07-16','2026-08-13',NULL,NULL,0,'pending',NULL,'#FF8C00','Façades',NULL,0,97,117,105,125,8,6,'2026-03-07 16:38:07','2026-03-07 16:38:11',NULL,0,NULL,NULL);
INSERT INTO "lots" ("id","project_id","code","name","name_tr","duration_days","start_date_planned","end_date_planned","start_date_actual","end_date_actual","progress_percent","status","subcontractor_id","color","zone","notes","is_critical","early_start","early_finish","late_start","late_finish","total_float","sort_order","created_at","updated_at","market_deadline","is_provisional","parent_lot_id","team_id") VALUES('lot_e4af9e66af66ef1aca997327e4920fa0','xls_p045','L07','Électricité 1er œuvre','Elektrik 1. İmalat',15,'2026-05-28','2026-06-18',NULL,NULL,0,'pending',NULL,'#FFD700','Tous niveaux',NULL,1,62,77,62,77,0,7,'2026-03-07 16:38:07','2026-03-07 16:38:11',NULL,0,NULL,NULL);
INSERT INTO "lots" ("id","project_id","code","name","name_tr","duration_days","start_date_planned","end_date_planned","start_date_actual","end_date_actual","progress_percent","status","subcontractor_id","color","zone","notes","is_critical","early_start","early_finish","late_start","late_finish","total_float","sort_order","created_at","updated_at","market_deadline","is_provisional","parent_lot_id","team_id") VALUES('lot_a60788f689dabf05bbaafb9687a43332','xls_p045','L08','Plomberie 1er œuvre','Sıhhi Tesisat 1. İmalat',12,'2026-05-28','2026-06-15',NULL,NULL,0,'pending',NULL,'#00CED1','Tous niveaux',NULL,0,62,74,65,77,3,8,'2026-03-07 16:38:07','2026-03-07 16:38:11',NULL,0,NULL,NULL);
INSERT INTO "lots" ("id","project_id","code","name","name_tr","duration_days","start_date_planned","end_date_planned","start_date_actual","end_date_actual","progress_percent","status","subcontractor_id","color","zone","notes","is_critical","early_start","early_finish","late_start","late_finish","total_float","sort_order","created_at","updated_at","market_deadline","is_provisional","parent_lot_id","team_id") VALUES('lot_b324e3e6a63981f79dc8a7d4a4acc67b','xls_p045','L09','CVC / Chauffage 1er œuvre','ISITMA / Klima 1. İmalat',15,'2026-05-28','2026-06-18',NULL,NULL,0,'pending',NULL,'#FF4500','Tous niveaux',NULL,1,62,77,62,77,0,9,'2026-03-07 16:38:07','2026-03-07 16:38:11',NULL,0,NULL,NULL);
INSERT INTO "lots" ("id","project_id","code","name","name_tr","duration_days","start_date_planned","end_date_planned","start_date_actual","end_date_actual","progress_percent","status","subcontractor_id","color","zone","notes","is_critical","early_start","early_finish","late_start","late_finish","total_float","sort_order","created_at","updated_at","market_deadline","is_provisional","parent_lot_id","team_id") VALUES('lot_6f8d91d0dec248bf26512ac22187d04e','xls_p045','L10','Cloisonnement / Plâtrerie','Bölme / Sıva',25,'2026-06-18','2026-07-23',NULL,NULL,0,'pending',NULL,'#DEB887','Tous niveaux',NULL,1,77,102,77,102,0,10,'2026-03-07 16:38:07','2026-03-07 16:38:11',NULL,0,NULL,NULL);
INSERT INTO "lots" ("id","project_id","code","name","name_tr","duration_days","start_date_planned","end_date_planned","start_date_actual","end_date_actual","progress_percent","status","subcontractor_id","color","zone","notes","is_critical","early_start","early_finish","late_start","late_finish","total_float","sort_order","created_at","updated_at","market_deadline","is_provisional","parent_lot_id","team_id") VALUES('lot_804852fd96d44c21c5924c9db660a6dd','xls_p045','L11','Isolation Thermique','Isı Yalıtımı',10,'2026-07-02','2026-07-16',NULL,NULL,0,'pending',NULL,'#90EE90','Tous niveaux',NULL,0,87,97,115,125,28,11,'2026-03-07 16:38:07','2026-03-07 16:38:11',NULL,0,NULL,NULL);
INSERT INTO "lots" ("id","project_id","code","name","name_tr","duration_days","start_date_planned","end_date_planned","start_date_actual","end_date_actual","progress_percent","status","subcontractor_id","color","zone","notes","is_critical","early_start","early_finish","late_start","late_finish","total_float","sort_order","created_at","updated_at","market_deadline","is_provisional","parent_lot_id","team_id") VALUES('lot_da55b6d6eeee06c033bdfd64c2128658','xls_p045','L12','Électricité 2nd œuvre','Elektrik 2. İmalat',10,'2026-07-23','2026-08-06',NULL,NULL,0,'pending',NULL,'#DAA520','Tous niveaux',NULL,0,102,112,115,125,13,12,'2026-03-07 16:38:07','2026-03-07 16:38:11',NULL,0,NULL,NULL);
INSERT INTO "lots" ("id","project_id","code","name","name_tr","duration_days","start_date_planned","end_date_planned","start_date_actual","end_date_actual","progress_percent","status","subcontractor_id","color","zone","notes","is_critical","early_start","early_finish","late_start","late_finish","total_float","sort_order","created_at","updated_at","market_deadline","is_provisional","parent_lot_id","team_id") VALUES('lot_002a23f986e6caf6e7cfc418e77cdd0b','xls_p045','L13','Plomberie 2nd œuvre','Sıhhi Tesisat 2. İmalat',8,'2026-07-23','2026-08-04',NULL,NULL,0,'pending',NULL,'#20B2AA','Tous niveaux',NULL,0,102,110,117,125,15,13,'2026-03-07 16:38:07','2026-03-07 16:38:11',NULL,0,NULL,NULL);
INSERT INTO "lots" ("id","project_id","code","name","name_tr","duration_days","start_date_planned","end_date_planned","start_date_actual","end_date_actual","progress_percent","status","subcontractor_id","color","zone","notes","is_critical","early_start","early_finish","late_start","late_finish","total_float","sort_order","created_at","updated_at","market_deadline","is_provisional","parent_lot_id","team_id") VALUES('lot_72b36380238ec560c83b3f8d9dedf9a4','xls_p045','L14','Carrelage / Revêtements','Döşeme / Kaplama',15,'2026-07-23','2026-08-13',NULL,NULL,0,'pending',NULL,'#CD853F','Tous niveaux',NULL,1,102,117,102,117,0,14,'2026-03-07 16:38:07','2026-03-07 16:38:11',NULL,0,NULL,NULL);
INSERT INTO "lots" ("id","project_id","code","name","name_tr","duration_days","start_date_planned","end_date_planned","start_date_actual","end_date_actual","progress_percent","status","subcontractor_id","color","zone","notes","is_critical","early_start","early_finish","late_start","late_finish","total_float","sort_order","created_at","updated_at","market_deadline","is_provisional","parent_lot_id","team_id") VALUES('lot_d6e96b518b1967f174dc75fd6396de7c','xls_p045','L15','Peinture / Finitions','Boya / Finishing',15,'2026-08-04','2026-08-25',NULL,NULL,0,'pending',NULL,'#FFB6C1','Tous niveaux',NULL,1,110,125,110,125,0,15,'2026-03-07 16:38:07','2026-03-07 16:38:11',NULL,0,NULL,NULL);
INSERT INTO "lots" ("id","project_id","code","name","name_tr","duration_days","start_date_planned","end_date_planned","start_date_actual","end_date_actual","progress_percent","status","subcontractor_id","color","zone","notes","is_critical","early_start","early_finish","late_start","late_finish","total_float","sort_order","created_at","updated_at","market_deadline","is_provisional","parent_lot_id","team_id") VALUES('lot_88638ea6711af5a199d12439e3e13f9e','xls_p039','EC00','Installation échafaudage',NULL,5,'2026-02-16','2026-02-23',NULL,NULL,0,'pending',NULL,'#6B7280',NULL,NULL,1,0,5,0,5,0,1,'2026-03-07 19:12:34','2026-03-07 19:14:20',NULL,0,NULL,'df_team_003');
INSERT INTO "lots" ("id","project_id","code","name","name_tr","duration_days","start_date_planned","end_date_planned","start_date_actual","end_date_actual","progress_percent","status","subcontractor_id","color","zone","notes","is_critical","early_start","early_finish","late_start","late_finish","total_float","sort_order","created_at","updated_at","market_deadline","is_provisional","parent_lot_id","team_id") VALUES('lot_55a00a11c07b363dc6ceb030b9e97a6d','xls_p039','IT10','ITE — Préparation supports',NULL,5,'2026-02-23','2026-03-02',NULL,NULL,0,'pending',NULL,'#1D4ED8',NULL,NULL,1,5,10,5,10,0,10,'2026-03-07 19:12:34','2026-03-07 19:12:42',NULL,0,NULL,NULL);
INSERT INTO "lots" ("id","project_id","code","name","name_tr","duration_days","start_date_planned","end_date_planned","start_date_actual","end_date_actual","progress_percent","status","subcontractor_id","color","zone","notes","is_critical","early_start","early_finish","late_start","late_finish","total_float","sort_order","created_at","updated_at","market_deadline","is_provisional","parent_lot_id","team_id") VALUES('lot_bbd1431b7ce18a96a28c66c98d0aaf91','xls_p039','BA30','Bardage — Ossature',NULL,14,'2026-02-23','2026-03-13',NULL,NULL,0,'pending',NULL,'#065F46',NULL,NULL,0,5,19,44,58,39,30,'2026-03-07 19:12:34','2026-03-07 19:12:42',NULL,0,NULL,NULL);
INSERT INTO "lots" ("id","project_id","code","name","name_tr","duration_days","start_date_planned","end_date_planned","start_date_actual","end_date_actual","progress_percent","status","subcontractor_id","color","zone","notes","is_critical","early_start","early_finish","late_start","late_finish","total_float","sort_order","created_at","updated_at","market_deadline","is_provisional","parent_lot_id","team_id") VALUES('lot_efef00d6393208f26c1139be3faefe5a','xls_p039','LA40','Lasure / Hydrofuge',NULL,5,'2026-04-27','2026-05-04',NULL,NULL,0,'pending',NULL,'#7C3AED',NULL,NULL,1,50,55,50,55,0,40,'2026-03-07 19:12:34','2026-03-07 19:12:42',NULL,0,NULL,NULL);
INSERT INTO "lots" ("id","project_id","code","name","name_tr","duration_days","start_date_planned","end_date_planned","start_date_actual","end_date_actual","progress_percent","status","subcontractor_id","color","zone","notes","is_critical","early_start","early_finish","late_start","late_finish","total_float","sort_order","created_at","updated_at","market_deadline","is_provisional","parent_lot_id","team_id") VALUES('lot_1ce63e0dd5fb0e5229ddfd4a9140edd8','xls_p039','EC99','Dépose échafaudage',NULL,3,'2026-05-04','2026-05-07',NULL,NULL,0,'pending',NULL,'#4B5563',NULL,NULL,1,55,58,55,58,0,99,'2026-03-07 19:12:34','2026-03-07 19:12:42',NULL,0,NULL,NULL);
INSERT INTO "lots" ("id","project_id","code","name","name_tr","duration_days","start_date_planned","end_date_planned","start_date_actual","end_date_actual","progress_percent","status","subcontractor_id","color","zone","notes","is_critical","early_start","early_finish","late_start","late_finish","total_float","sort_order","created_at","updated_at","market_deadline","is_provisional","parent_lot_id","team_id") VALUES('lot_04d89728050fe4852aa2693f8a5d41d4','xls_p039','IT11','Pose isolant',NULL,21,'2026-03-02','2026-03-31',NULL,NULL,0,'pending',NULL,'#3B82F6',NULL,NULL,1,10,31,10,31,0,11,'2026-03-07 19:12:34','2026-03-07 19:12:42',NULL,0,'lot_55a00a11c07b363dc6ceb030b9e97a6d',NULL);
INSERT INTO "lots" ("id","project_id","code","name","name_tr","duration_days","start_date_planned","end_date_planned","start_date_actual","end_date_actual","progress_percent","status","subcontractor_id","color","zone","notes","is_critical","early_start","early_finish","late_start","late_finish","total_float","sort_order","created_at","updated_at","market_deadline","is_provisional","parent_lot_id","team_id") VALUES('lot_3570c98ea2dc347dccdeffe0fd65b4e7','xls_p039','IT12','Enduit de finition ITE',NULL,14,'2026-04-02','2026-04-22',NULL,NULL,0,'pending',NULL,'#60A5FA',NULL,NULL,1,33,47,33,47,0,12,'2026-03-07 19:12:34','2026-03-07 19:12:42',NULL,0,'lot_55a00a11c07b363dc6ceb030b9e97a6d',NULL);
INSERT INTO "lots" ("id","project_id","code","name","name_tr","duration_days","start_date_planned","end_date_planned","start_date_actual","end_date_actual","progress_percent","status","subcontractor_id","color","zone","notes","is_critical","early_start","early_finish","late_start","late_finish","total_float","sort_order","created_at","updated_at","market_deadline","is_provisional","parent_lot_id","team_id") VALUES('lot_d9410bb9acb508b415ef92a23e3c1f18','proj_d81636977d1b39886f86ca89c3f2aa26','L01','VRD / Terrassement','Altyapı / Hafriyat',15,'2024-10-01','2024-10-22',NULL,NULL,0,'pending',NULL,'#8B4513','Extérieur',NULL,1,0,15,0,15,0,1,'2026-03-08 00:49:36','2026-03-08 01:50:50',NULL,0,NULL,NULL);
INSERT INTO "lots" ("id","project_id","code","name","name_tr","duration_days","start_date_planned","end_date_planned","start_date_actual","end_date_actual","progress_percent","status","subcontractor_id","color","zone","notes","is_critical","early_start","early_finish","late_start","late_finish","total_float","sort_order","created_at","updated_at","market_deadline","is_provisional","parent_lot_id","team_id") VALUES('lot_046a3ff494d234720585c2c551b598f6','proj_d81636977d1b39886f86ca89c3f2aa26','L02','Gros Œuvre / Fondations','Kaba Yapı / Temel',24,'2024-10-22','2024-11-25',NULL,NULL,0,'pending',NULL,'#696969','Tous niveaux',NULL,1,15,39,15,39,0,2,'2026-03-08 00:49:36','2026-03-08 01:50:50',NULL,0,NULL,NULL);
INSERT INTO "lots" ("id","project_id","code","name","name_tr","duration_days","start_date_planned","end_date_planned","start_date_actual","end_date_actual","progress_percent","status","subcontractor_id","color","zone","notes","is_critical","early_start","early_finish","late_start","late_finish","total_float","sort_order","created_at","updated_at","market_deadline","is_provisional","parent_lot_id","team_id") VALUES('lot_9ae6de5f6a3fc3c809bc1bae1b3afbd5','proj_d81636977d1b39886f86ca89c3f2aa26','L03','Charpente / Ossature','Çatı Çerçevesi / Taşıyıcı',20,'2024-11-25','2024-12-23',NULL,NULL,0,'pending',NULL,'#8B6914','Toiture',NULL,0,39,59,142,162,103,3,'2026-03-08 00:49:36','2026-03-08 01:50:50',NULL,0,NULL,NULL);
INSERT INTO "lots" ("id","project_id","code","name","name_tr","duration_days","start_date_planned","end_date_planned","start_date_actual","end_date_actual","progress_percent","status","subcontractor_id","color","zone","notes","is_critical","early_start","early_finish","late_start","late_finish","total_float","sort_order","created_at","updated_at","market_deadline","is_provisional","parent_lot_id","team_id") VALUES('lot_6f3f08f04e897b556c6bbbd45a9135cc','proj_d81636977d1b39886f86ca89c3f2aa26','L04','Couverture / Étanchéité','Çatı Örtüsü / Su Yalıtımı',15,'2024-12-23','2025-01-13',NULL,NULL,0,'pending',NULL,'#2F4F4F','Toiture',NULL,0,59,74,162,177,103,4,'2026-03-08 00:49:36','2026-03-08 01:50:50',NULL,0,NULL,NULL);
INSERT INTO "lots" ("id","project_id","code","name","name_tr","duration_days","start_date_planned","end_date_planned","start_date_actual","end_date_actual","progress_percent","status","subcontractor_id","color","zone","notes","is_critical","early_start","early_finish","late_start","late_finish","total_float","sort_order","created_at","updated_at","market_deadline","is_provisional","parent_lot_id","team_id") VALUES('lot_844a5471c24b7b0d5b2c488581466dc2','proj_d81636977d1b39886f86ca89c3f2aa26','L05','Menuiseries Extérieures','Dış Doğramalar',12,'2024-12-30','2025-01-15',NULL,NULL,0,'pending',NULL,'#4169E1','Façades',NULL,0,64,76,167,179,103,5,'2026-03-08 00:49:36','2026-03-08 01:50:50',NULL,0,NULL,NULL);
INSERT INTO "lots" ("id","project_id","code","name","name_tr","duration_days","start_date_planned","end_date_planned","start_date_actual","end_date_actual","progress_percent","status","subcontractor_id","color","zone","notes","is_critical","early_start","early_finish","late_start","late_finish","total_float","sort_order","created_at","updated_at","market_deadline","is_provisional","parent_lot_id","team_id") VALUES('lot_5027dc37779cd126bbe157fc9bcbbf7a','proj_d81636977d1b39886f86ca89c3f2aa26','L06','Ravalement / Façade','Cephe / Sıva',20,'2025-01-15','2025-02-12',NULL,NULL,0,'pending',NULL,'#FF8C00','Façades',NULL,0,76,96,179,199,103,6,'2026-03-08 00:49:36','2026-03-08 01:50:50',NULL,0,NULL,NULL);
INSERT INTO "lots" ("id","project_id","code","name","name_tr","duration_days","start_date_planned","end_date_planned","start_date_actual","end_date_actual","progress_percent","status","subcontractor_id","color","zone","notes","is_critical","early_start","early_finish","late_start","late_finish","total_float","sort_order","created_at","updated_at","market_deadline","is_provisional","parent_lot_id","team_id") VALUES('lot_eb67b3051a73a25f3c8008ce0a93bd88','proj_d81636977d1b39886f86ca89c3f2aa26','L07','Électricité 1er œuvre','Elektrik 1. İmalat',15,'2024-11-27','2024-12-18',NULL,NULL,0,'pending',NULL,'#FFD700','Tous niveaux',NULL,1,41,56,41,56,0,7,'2026-03-08 00:49:36','2026-03-08 01:50:50',NULL,0,NULL,NULL);
INSERT INTO "lots" ("id","project_id","code","name","name_tr","duration_days","start_date_planned","end_date_planned","start_date_actual","end_date_actual","progress_percent","status","subcontractor_id","color","zone","notes","is_critical","early_start","early_finish","late_start","late_finish","total_float","sort_order","created_at","updated_at","market_deadline","is_provisional","parent_lot_id","team_id") VALUES('lot_e9bfc83000213975f4bdfdd840f5f76d','proj_d81636977d1b39886f86ca89c3f2aa26','L08','Plomberie 1er œuvre','Sıhhi Tesisat 1. İmalat',12,'2024-11-27','2024-12-13',NULL,NULL,0,'pending',NULL,'#00CED1','Tous niveaux',NULL,0,41,53,44,56,3,8,'2026-03-08 00:49:36','2026-03-08 01:50:50',NULL,0,NULL,NULL);
INSERT INTO "lots" ("id","project_id","code","name","name_tr","duration_days","start_date_planned","end_date_planned","start_date_actual","end_date_actual","progress_percent","status","subcontractor_id","color","zone","notes","is_critical","early_start","early_finish","late_start","late_finish","total_float","sort_order","created_at","updated_at","market_deadline","is_provisional","parent_lot_id","team_id") VALUES('lot_72dd4d8da185fa586c46be28f7cdbd41','proj_d81636977d1b39886f86ca89c3f2aa26','L09','CVC / Chauffage 1er œuvre','ISITMA / Klima 1. İmalat',15,'2024-11-27','2024-12-18',NULL,NULL,0,'pending',NULL,'#FF4500','Tous niveaux',NULL,1,41,56,41,56,0,9,'2026-03-08 00:49:36','2026-03-08 01:50:50',NULL,0,NULL,NULL);
INSERT INTO "lots" ("id","project_id","code","name","name_tr","duration_days","start_date_planned","end_date_planned","start_date_actual","end_date_actual","progress_percent","status","subcontractor_id","color","zone","notes","is_critical","early_start","early_finish","late_start","late_finish","total_float","sort_order","created_at","updated_at","market_deadline","is_provisional","parent_lot_id","team_id") VALUES('lot_cfa4b72632c1f64de229609da21aa428','proj_d81636977d1b39886f86ca89c3f2aa26','L10','Cloisonnement / Plâtrerie','Bölme / Sıva',25,'2024-12-18','2025-01-22',NULL,NULL,0,'pending',NULL,'#DEB887','Tous niveaux',NULL,0,56,81,106,131,50,10,'2026-03-08 00:49:36','2026-03-08 01:50:50',NULL,0,NULL,NULL);
INSERT INTO "lots" ("id","project_id","code","name","name_tr","duration_days","start_date_planned","end_date_planned","start_date_actual","end_date_actual","progress_percent","status","subcontractor_id","color","zone","notes","is_critical","early_start","early_finish","late_start","late_finish","total_float","sort_order","created_at","updated_at","market_deadline","is_provisional","parent_lot_id","team_id") VALUES('lot_6f15c58130c96503fb3c14f4685688d3','proj_d81636977d1b39886f86ca89c3f2aa26','L11','Isolation Thermique','Isı Yalıtımı',10,'2025-03-12','2025-03-26',NULL,NULL,0,'pending',NULL,'#90EE90','Tous niveaux',NULL,0,116,126,189,199,73,11,'2026-03-08 00:49:36','2026-03-08 01:50:50',NULL,0,NULL,NULL);
INSERT INTO "lots" ("id","project_id","code","name","name_tr","duration_days","start_date_planned","end_date_planned","start_date_actual","end_date_actual","progress_percent","status","subcontractor_id","color","zone","notes","is_critical","early_start","early_finish","late_start","late_finish","total_float","sort_order","created_at","updated_at","market_deadline","is_provisional","parent_lot_id","team_id") VALUES('lot_c7186b20046374f06f47267aff13a77a','proj_d81636977d1b39886f86ca89c3f2aa26','L12','Électricité 2nd œuvre','Elektrik 2. İmalat',10,'2025-04-02','2025-04-16',NULL,NULL,0,'pending',NULL,'#DAA520','Tous niveaux',NULL,0,131,141,189,199,58,12,'2026-03-08 00:49:36','2026-03-08 01:50:50',NULL,0,NULL,NULL);
INSERT INTO "lots" ("id","project_id","code","name","name_tr","duration_days","start_date_planned","end_date_planned","start_date_actual","end_date_actual","progress_percent","status","subcontractor_id","color","zone","notes","is_critical","early_start","early_finish","late_start","late_finish","total_float","sort_order","created_at","updated_at","market_deadline","is_provisional","parent_lot_id","team_id") VALUES('lot_1173c041c39e71041e8fb352cb19b4b1','proj_d81636977d1b39886f86ca89c3f2aa26','L13','Plomberie 2nd œuvre','Sıhhi Tesisat 2. İmalat',8,'2025-04-02','2025-04-14',NULL,NULL,0,'pending',NULL,'#20B2AA','Tous niveaux',NULL,0,131,139,191,199,60,13,'2026-03-08 00:49:36','2026-03-08 01:50:50',NULL,0,NULL,NULL);
INSERT INTO "lots" ("id","project_id","code","name","name_tr","duration_days","start_date_planned","end_date_planned","start_date_actual","end_date_actual","progress_percent","status","subcontractor_id","color","zone","notes","is_critical","early_start","early_finish","late_start","late_finish","total_float","sort_order","created_at","updated_at","market_deadline","is_provisional","parent_lot_id","team_id") VALUES('lot_552fb8773b372234cdad977605db41ba','proj_d81636977d1b39886f86ca89c3f2aa26','L14','Carrelage / Revêtements','Döşeme / Kaplama',15,'2025-04-02','2025-04-23',NULL,NULL,0,'pending',NULL,'#CD853F','Tous niveaux',NULL,0,131,146,176,191,45,14,'2026-03-08 00:49:36','2026-03-08 01:50:50',NULL,0,NULL,NULL);
INSERT INTO "lots" ("id","project_id","code","name","name_tr","duration_days","start_date_planned","end_date_planned","start_date_actual","end_date_actual","progress_percent","status","subcontractor_id","color","zone","notes","is_critical","early_start","early_finish","late_start","late_finish","total_float","sort_order","created_at","updated_at","market_deadline","is_provisional","parent_lot_id","team_id") VALUES('lot_13152fc6bf71acd0e00303e714044f72','proj_d81636977d1b39886f86ca89c3f2aa26','L15','Peinture / Finitions','Boya / Finishing',15,'2025-06-16','2025-07-07',NULL,NULL,0,'pending',NULL,'#FFB6C1','Tous niveaux',NULL,1,184,199,184,199,0,15,'2026-03-08 00:49:36','2026-03-08 01:50:50',NULL,0,NULL,NULL);
INSERT INTO "lots" ("id","project_id","code","name","name_tr","duration_days","start_date_planned","end_date_planned","start_date_actual","end_date_actual","progress_percent","status","subcontractor_id","color","zone","notes","is_critical","early_start","early_finish","late_start","late_finish","total_float","sort_order","created_at","updated_at","market_deadline","is_provisional","parent_lot_id","team_id") VALUES('lot_0df036999ca6a7b9254d1c2cc1206b4b','proj_d81636977d1b39886f86ca89c3f2aa26','L10-A','Cloisonnement / Plâtrerie — Partie A','Bölme / Sıva — A',25,'2024-12-18','2025-01-22',NULL,NULL,0,'pending',NULL,'#DEB887','Tous niveaux',NULL,1,56,81,56,81,0,11,'2026-03-08 00:54:56','2026-03-08 01:50:50',NULL,0,'lot_cfa4b72632c1f64de229609da21aa428',NULL);
INSERT INTO "lots" ("id","project_id","code","name","name_tr","duration_days","start_date_planned","end_date_planned","start_date_actual","end_date_actual","progress_percent","status","subcontractor_id","color","zone","notes","is_critical","early_start","early_finish","late_start","late_finish","total_float","sort_order","created_at","updated_at","market_deadline","is_provisional","parent_lot_id","team_id") VALUES('lot_89ebc594373aa7aaa2dc55108991a6f2','proj_d81636977d1b39886f86ca89c3f2aa26','L10-B','Cloisonnement / Plâtrerie — Partie B','Bölme / Sıva — A',25,'2025-01-22','2025-02-26',NULL,NULL,0,'pending',NULL,'#DEB887','Tous niveaux',NULL,1,81,106,81,106,0,11,'2026-03-08 00:55:35','2026-03-08 01:50:50',NULL,0,'lot_cfa4b72632c1f64de229609da21aa428',NULL);
INSERT INTO "lots" ("id","project_id","code","name","name_tr","duration_days","start_date_planned","end_date_planned","start_date_actual","end_date_actual","progress_percent","status","subcontractor_id","color","zone","notes","is_critical","early_start","early_finish","late_start","late_finish","total_float","sort_order","created_at","updated_at","market_deadline","is_provisional","parent_lot_id","team_id") VALUES('lot_d8b231b2c6435cbb5f82857719a64d4d','proj_d81636977d1b39886f86ca89c3f2aa26','L10-c','Cloisonnement / Plâtrerie — Partie c','Bölme / Sıva — A',25,'2025-02-26','2025-04-02',NULL,NULL,0,'pending',NULL,'#DEB887','Tous niveaux',NULL,1,106,131,106,131,0,11,'2026-03-08 00:56:03','2026-03-08 01:50:50',NULL,0,'lot_cfa4b72632c1f64de229609da21aa428',NULL);
INSERT INTO "lots" ("id","project_id","code","name","name_tr","duration_days","start_date_planned","end_date_planned","start_date_actual","end_date_actual","progress_percent","status","subcontractor_id","color","zone","notes","is_critical","early_start","early_finish","late_start","late_finish","total_float","sort_order","created_at","updated_at","market_deadline","is_provisional","parent_lot_id","team_id") VALUES('lot_9d0a636a3ebf1d45bd0fa6ef9bed8959','proj_d81636977d1b39886f86ca89c3f2aa26','L14-RDC','Carrelage / Revêtements — RDC','Döşeme / Kaplama — RDC',15,'2025-04-02','2025-04-23',NULL,NULL,0,'pending',NULL,'#CD853F','RDC',NULL,1,131,146,131,146,0,1401,'2026-03-08 01:50:10','2026-03-08 01:50:50',NULL,0,'lot_552fb8773b372234cdad977605db41ba',NULL);
INSERT INTO "lots" ("id","project_id","code","name","name_tr","duration_days","start_date_planned","end_date_planned","start_date_actual","end_date_actual","progress_percent","status","subcontractor_id","color","zone","notes","is_critical","early_start","early_finish","late_start","late_finish","total_float","sort_order","created_at","updated_at","market_deadline","is_provisional","parent_lot_id","team_id") VALUES('lot_2a6536563db01f474e75b787e98b8835','proj_d81636977d1b39886f86ca89c3f2aa26','L14-R+1','Carrelage / Revêtements — R+1','Döşeme / Kaplama — R+1',15,'2025-04-23','2025-05-14',NULL,NULL,0,'pending',NULL,'#CD853F','R+1',NULL,1,146,161,146,161,0,1402,'2026-03-08 01:50:10','2026-03-08 01:50:50',NULL,0,'lot_552fb8773b372234cdad977605db41ba',NULL);
INSERT INTO "lots" ("id","project_id","code","name","name_tr","duration_days","start_date_planned","end_date_planned","start_date_actual","end_date_actual","progress_percent","status","subcontractor_id","color","zone","notes","is_critical","early_start","early_finish","late_start","late_finish","total_float","sort_order","created_at","updated_at","market_deadline","is_provisional","parent_lot_id","team_id") VALUES('lot_d0df8302ff4f511904420f97ae6d9ee2','proj_d81636977d1b39886f86ca89c3f2aa26','L14-R+2','Carrelage / Revêtements — R+2','Döşeme / Kaplama — R+2',15,'2025-05-14','2025-06-04',NULL,NULL,0,'pending',NULL,'#CD853F','R+2',NULL,1,161,176,161,176,0,1403,'2026-03-08 01:50:10','2026-03-08 01:50:50',NULL,0,'lot_552fb8773b372234cdad977605db41ba',NULL);
INSERT INTO "lots" ("id","project_id","code","name","name_tr","duration_days","start_date_planned","end_date_planned","start_date_actual","end_date_actual","progress_percent","status","subcontractor_id","color","zone","notes","is_critical","early_start","early_finish","late_start","late_finish","total_float","sort_order","created_at","updated_at","market_deadline","is_provisional","parent_lot_id","team_id") VALUES('lot_c967c3798339fad8535fc9d1262dd8b2','proj_d81636977d1b39886f86ca89c3f2aa26','L14-R+3','Carrelage / Revêtements — R+3','Döşeme / Kaplama — R+3',15,'2025-06-04','2025-06-25',NULL,NULL,0,'pending',NULL,'#CD853F','R+3',NULL,1,176,191,176,191,0,1404,'2026-03-08 01:50:10','2026-03-08 01:50:50',NULL,0,'lot_552fb8773b372234cdad977605db41ba',NULL);
CREATE TABLE dependencies (
  id TEXT PRIMARY KEY,
  project_id TEXT NOT NULL REFERENCES projects(id) ON DELETE CASCADE,
  predecessor_id TEXT NOT NULL REFERENCES lots(id) ON DELETE CASCADE,
  successor_id TEXT NOT NULL REFERENCES lots(id) ON DELETE CASCADE,
  type TEXT DEFAULT 'FS',
  lag_days INTEGER DEFAULT 0,
  UNIQUE(predecessor_id, successor_id)
);
INSERT INTO "dependencies" ("id","project_id","predecessor_id","successor_id","type","lag_days") VALUES('d_xls_p078_EC00_IT10','xls_p078','l_xls_p078_EC00','l_xls_p078_IT10','FS',0);
INSERT INTO "dependencies" ("id","project_id","predecessor_id","successor_id","type","lag_days") VALUES('d_xls_p078_EC00_EN20','xls_p078','l_xls_p078_EC00','l_xls_p078_EN20','FS',0);
INSERT INTO "dependencies" ("id","project_id","predecessor_id","successor_id","type","lag_days") VALUES('d_xls_p078_EC00_BA30','xls_p078','l_xls_p078_EC00','l_xls_p078_BA30','FS',0);
INSERT INTO "dependencies" ("id","project_id","predecessor_id","successor_id","type","lag_days") VALUES('d_xls_p078_EC00_RA50','xls_p078','l_xls_p078_EC00','l_xls_p078_RA50','FS',0);
INSERT INTO "dependencies" ("id","project_id","predecessor_id","successor_id","type","lag_days") VALUES('d_xls_p078_IT10_IT11','xls_p078','l_xls_p078_IT10','l_xls_p078_IT11','FS',0);
INSERT INTO "dependencies" ("id","project_id","predecessor_id","successor_id","type","lag_days") VALUES('d_xls_p078_IT11_IT12','xls_p078','l_xls_p078_IT11','l_xls_p078_IT12','FS',2);
INSERT INTO "dependencies" ("id","project_id","predecessor_id","successor_id","type","lag_days") VALUES('d_xls_p078_EN20_EN21','xls_p078','l_xls_p078_EN20','l_xls_p078_EN21','FS',0);
INSERT INTO "dependencies" ("id","project_id","predecessor_id","successor_id","type","lag_days") VALUES('d_xls_p078_EN21_EN22','xls_p078','l_xls_p078_EN21','l_xls_p078_EN22','FS',2);
INSERT INTO "dependencies" ("id","project_id","predecessor_id","successor_id","type","lag_days") VALUES('d_xls_p078_BA30_BA31','xls_p078','l_xls_p078_BA30','l_xls_p078_BA31','FS',0);
INSERT INTO "dependencies" ("id","project_id","predecessor_id","successor_id","type","lag_days") VALUES('d_xls_p078_RA50_RA51','xls_p078','l_xls_p078_RA50','l_xls_p078_RA51','FS',0);
INSERT INTO "dependencies" ("id","project_id","predecessor_id","successor_id","type","lag_days") VALUES('d_xls_p078_RA51_RA52','xls_p078','l_xls_p078_RA51','l_xls_p078_RA52','FS',0);
INSERT INTO "dependencies" ("id","project_id","predecessor_id","successor_id","type","lag_days") VALUES('d_xls_p078_IT12_LA40','xls_p078','l_xls_p078_IT12','l_xls_p078_LA40','FS',3);
INSERT INTO "dependencies" ("id","project_id","predecessor_id","successor_id","type","lag_days") VALUES('d_xls_p078_EN22_LA40','xls_p078','l_xls_p078_EN22','l_xls_p078_LA40','FS',3);
INSERT INTO "dependencies" ("id","project_id","predecessor_id","successor_id","type","lag_days") VALUES('d_xls_p078_RA52_LA40','xls_p078','l_xls_p078_RA52','l_xls_p078_LA40','FS',3);
INSERT INTO "dependencies" ("id","project_id","predecessor_id","successor_id","type","lag_days") VALUES('d_xls_p078_IT12_EC99','xls_p078','l_xls_p078_IT12','l_xls_p078_EC99','FS',0);
INSERT INTO "dependencies" ("id","project_id","predecessor_id","successor_id","type","lag_days") VALUES('d_xls_p078_EN22_EC99','xls_p078','l_xls_p078_EN22','l_xls_p078_EC99','FS',0);
INSERT INTO "dependencies" ("id","project_id","predecessor_id","successor_id","type","lag_days") VALUES('d_xls_p078_BA31_EC99','xls_p078','l_xls_p078_BA31','l_xls_p078_EC99','FS',0);
INSERT INTO "dependencies" ("id","project_id","predecessor_id","successor_id","type","lag_days") VALUES('d_xls_p078_LA40_EC99','xls_p078','l_xls_p078_LA40','l_xls_p078_EC99','FS',0);
INSERT INTO "dependencies" ("id","project_id","predecessor_id","successor_id","type","lag_days") VALUES('d_xls_p078_RA52_EC99','xls_p078','l_xls_p078_RA52','l_xls_p078_EC99','FS',0);
INSERT INTO "dependencies" ("id","project_id","predecessor_id","successor_id","type","lag_days") VALUES('dep_232220800ca108bb47b95d893f48d9b7','xls_p066','lot_fa135c612745721abca836e14d9400d8','lot_5f5c92308ce9873a0973928b3a6f9c52','FS',0);
INSERT INTO "dependencies" ("id","project_id","predecessor_id","successor_id","type","lag_days") VALUES('dep_33528ffabe96a5b03f9ae548b050dac2','xls_p045','lot_3c8c8874aa02596ac68615300fce744c','lot_036bda724d53c4536c3fbbc688a11bbf','FS',0);
INSERT INTO "dependencies" ("id","project_id","predecessor_id","successor_id","type","lag_days") VALUES('dep_2e7e467e6c429a5d9ff3b4b126539319','xls_p045','lot_036bda724d53c4536c3fbbc688a11bbf','lot_4033ab626eaa96604e4b1a5f15fb2667','FS',0);
INSERT INTO "dependencies" ("id","project_id","predecessor_id","successor_id","type","lag_days") VALUES('dep_9005c9b43ba366a3c41d62e884562b35','xls_p045','lot_4033ab626eaa96604e4b1a5f15fb2667','lot_f734dbae7bb1178dac204f2537bc418b','FS',0);
INSERT INTO "dependencies" ("id","project_id","predecessor_id","successor_id","type","lag_days") VALUES('dep_4b0a4cd7804421ddd00737f8d956a7b3','xls_p045','lot_f734dbae7bb1178dac204f2537bc418b','lot_231c3031e0622477bf09a9b5eadae5cb','SS',5);
INSERT INTO "dependencies" ("id","project_id","predecessor_id","successor_id","type","lag_days") VALUES('dep_2ce0d57d7e09c9ef3006ccbfd16ff41b','xls_p045','lot_231c3031e0622477bf09a9b5eadae5cb','lot_4c15282e40ac50238476a184e56afbbc','FS',0);
INSERT INTO "dependencies" ("id","project_id","predecessor_id","successor_id","type","lag_days") VALUES('dep_43e9f21b6a646aae633d4e1155a403a5','xls_p045','lot_036bda724d53c4536c3fbbc688a11bbf','lot_e4af9e66af66ef1aca997327e4920fa0','FS',2);
INSERT INTO "dependencies" ("id","project_id","predecessor_id","successor_id","type","lag_days") VALUES('dep_1671be5cf809541621d385210d25f676','xls_p045','lot_036bda724d53c4536c3fbbc688a11bbf','lot_a60788f689dabf05bbaafb9687a43332','FS',2);
INSERT INTO "dependencies" ("id","project_id","predecessor_id","successor_id","type","lag_days") VALUES('dep_ea39d4232b1707f93911bb0cd5d0f935','xls_p045','lot_036bda724d53c4536c3fbbc688a11bbf','lot_b324e3e6a63981f79dc8a7d4a4acc67b','FS',2);
INSERT INTO "dependencies" ("id","project_id","predecessor_id","successor_id","type","lag_days") VALUES('dep_6aebba5b31c9ebf17ad7e4c296f5458e','xls_p045','lot_e4af9e66af66ef1aca997327e4920fa0','lot_6f8d91d0dec248bf26512ac22187d04e','FS',0);
INSERT INTO "dependencies" ("id","project_id","predecessor_id","successor_id","type","lag_days") VALUES('dep_f8c44c1136e4d26bacb85d41cedcf089','xls_p045','lot_a60788f689dabf05bbaafb9687a43332','lot_6f8d91d0dec248bf26512ac22187d04e','FS',0);
INSERT INTO "dependencies" ("id","project_id","predecessor_id","successor_id","type","lag_days") VALUES('dep_f7ff9c1779e118e10c7ca8f69662f9b3','xls_p045','lot_b324e3e6a63981f79dc8a7d4a4acc67b','lot_6f8d91d0dec248bf26512ac22187d04e','FS',0);
INSERT INTO "dependencies" ("id","project_id","predecessor_id","successor_id","type","lag_days") VALUES('dep_36c1edd2dacfa9d2c358a0bec1635714','xls_p045','lot_e4af9e66af66ef1aca997327e4920fa0','lot_a60788f689dabf05bbaafb9687a43332','SS',0);
INSERT INTO "dependencies" ("id","project_id","predecessor_id","successor_id","type","lag_days") VALUES('dep_44b58f6a035b9f1e773feaa434376f51','xls_p045','lot_e4af9e66af66ef1aca997327e4920fa0','lot_b324e3e6a63981f79dc8a7d4a4acc67b','SS',0);
INSERT INTO "dependencies" ("id","project_id","predecessor_id","successor_id","type","lag_days") VALUES('dep_3887fbfdb44c1b6621d8a8028f5eb3fe','xls_p045','lot_6f8d91d0dec248bf26512ac22187d04e','lot_804852fd96d44c21c5924c9db660a6dd','SS',10);
INSERT INTO "dependencies" ("id","project_id","predecessor_id","successor_id","type","lag_days") VALUES('dep_493254ddc687a3c678c17d6fafd7adfb','xls_p045','lot_6f8d91d0dec248bf26512ac22187d04e','lot_da55b6d6eeee06c033bdfd64c2128658','FS',0);
INSERT INTO "dependencies" ("id","project_id","predecessor_id","successor_id","type","lag_days") VALUES('dep_f25ba33451c63b001bd87297156177c1','xls_p045','lot_6f8d91d0dec248bf26512ac22187d04e','lot_002a23f986e6caf6e7cfc418e77cdd0b','FS',0);
INSERT INTO "dependencies" ("id","project_id","predecessor_id","successor_id","type","lag_days") VALUES('dep_3cffe08a0cafc822cb7e5b71574d4294','xls_p045','lot_6f8d91d0dec248bf26512ac22187d04e','lot_72b36380238ec560c83b3f8d9dedf9a4','FS',0);
INSERT INTO "dependencies" ("id","project_id","predecessor_id","successor_id","type","lag_days") VALUES('dep_97c3562a453fbc8e55479185e10e0b8c','xls_p045','lot_72b36380238ec560c83b3f8d9dedf9a4','lot_d6e96b518b1967f174dc75fd6396de7c','SS',8);
INSERT INTO "dependencies" ("id","project_id","predecessor_id","successor_id","type","lag_days") VALUES('dep_4c0e5d18f4031c27e56d0d7201b5a20f','xls_p039','lot_88638ea6711af5a199d12439e3e13f9e','lot_55a00a11c07b363dc6ceb030b9e97a6d','FS',0);
INSERT INTO "dependencies" ("id","project_id","predecessor_id","successor_id","type","lag_days") VALUES('dep_038241da11b2da35ba7d7d958af201ee','xls_p039','lot_88638ea6711af5a199d12439e3e13f9e','lot_bbd1431b7ce18a96a28c66c98d0aaf91','FS',0);
INSERT INTO "dependencies" ("id","project_id","predecessor_id","successor_id","type","lag_days") VALUES('dep_fd03b6e82fe0f61b0e17a4ae09aa30c9','xls_p039','lot_55a00a11c07b363dc6ceb030b9e97a6d','lot_04d89728050fe4852aa2693f8a5d41d4','FS',0);
INSERT INTO "dependencies" ("id","project_id","predecessor_id","successor_id","type","lag_days") VALUES('dep_a679316319384588abf4327b509c04af','xls_p039','lot_04d89728050fe4852aa2693f8a5d41d4','lot_3570c98ea2dc347dccdeffe0fd65b4e7','FS',2);
INSERT INTO "dependencies" ("id","project_id","predecessor_id","successor_id","type","lag_days") VALUES('dep_0627ace6ae78daa391c86d87e40a7105','xls_p039','lot_3570c98ea2dc347dccdeffe0fd65b4e7','lot_efef00d6393208f26c1139be3faefe5a','FS',3);
INSERT INTO "dependencies" ("id","project_id","predecessor_id","successor_id","type","lag_days") VALUES('dep_002c3829868035b131970df862ece7b4','xls_p039','lot_3570c98ea2dc347dccdeffe0fd65b4e7','lot_1ce63e0dd5fb0e5229ddfd4a9140edd8','FS',0);
INSERT INTO "dependencies" ("id","project_id","predecessor_id","successor_id","type","lag_days") VALUES('dep_139ea23f06a93821ffc430a831b2e1dd','xls_p039','lot_efef00d6393208f26c1139be3faefe5a','lot_1ce63e0dd5fb0e5229ddfd4a9140edd8','FS',0);
INSERT INTO "dependencies" ("id","project_id","predecessor_id","successor_id","type","lag_days") VALUES('dep_a1aa08769679ce51cb43ec5c5b7296f0','proj_d81636977d1b39886f86ca89c3f2aa26','lot_d9410bb9acb508b415ef92a23e3c1f18','lot_046a3ff494d234720585c2c551b598f6','FS',0);
INSERT INTO "dependencies" ("id","project_id","predecessor_id","successor_id","type","lag_days") VALUES('dep_858a90c0c88d406549598fbf906e26fc','proj_d81636977d1b39886f86ca89c3f2aa26','lot_046a3ff494d234720585c2c551b598f6','lot_9ae6de5f6a3fc3c809bc1bae1b3afbd5','FS',0);
INSERT INTO "dependencies" ("id","project_id","predecessor_id","successor_id","type","lag_days") VALUES('dep_5964eb2e3e93e73a3f7bdcea8000c1df','proj_d81636977d1b39886f86ca89c3f2aa26','lot_9ae6de5f6a3fc3c809bc1bae1b3afbd5','lot_6f3f08f04e897b556c6bbbd45a9135cc','FS',0);
INSERT INTO "dependencies" ("id","project_id","predecessor_id","successor_id","type","lag_days") VALUES('dep_dfc8cbe2218907de648a1a567b4f8f67','proj_d81636977d1b39886f86ca89c3f2aa26','lot_6f3f08f04e897b556c6bbbd45a9135cc','lot_844a5471c24b7b0d5b2c488581466dc2','SS',5);
INSERT INTO "dependencies" ("id","project_id","predecessor_id","successor_id","type","lag_days") VALUES('dep_d1f8050691b64747d18f5dc678a60faa','proj_d81636977d1b39886f86ca89c3f2aa26','lot_844a5471c24b7b0d5b2c488581466dc2','lot_5027dc37779cd126bbe157fc9bcbbf7a','FS',0);
INSERT INTO "dependencies" ("id","project_id","predecessor_id","successor_id","type","lag_days") VALUES('dep_02c324933ef3c9cbce12b1798482c345','proj_d81636977d1b39886f86ca89c3f2aa26','lot_046a3ff494d234720585c2c551b598f6','lot_eb67b3051a73a25f3c8008ce0a93bd88','FS',2);
INSERT INTO "dependencies" ("id","project_id","predecessor_id","successor_id","type","lag_days") VALUES('dep_014e586c3e850b729ac08c726d21cb4d','proj_d81636977d1b39886f86ca89c3f2aa26','lot_046a3ff494d234720585c2c551b598f6','lot_e9bfc83000213975f4bdfdd840f5f76d','FS',2);
INSERT INTO "dependencies" ("id","project_id","predecessor_id","successor_id","type","lag_days") VALUES('dep_9ba01555f7e8cc15ccac7491c728af7e','proj_d81636977d1b39886f86ca89c3f2aa26','lot_046a3ff494d234720585c2c551b598f6','lot_72dd4d8da185fa586c46be28f7cdbd41','FS',2);
INSERT INTO "dependencies" ("id","project_id","predecessor_id","successor_id","type","lag_days") VALUES('dep_21cef14cca2592531413e1c0bd2f2c8c','proj_d81636977d1b39886f86ca89c3f2aa26','lot_eb67b3051a73a25f3c8008ce0a93bd88','lot_cfa4b72632c1f64de229609da21aa428','FS',0);
INSERT INTO "dependencies" ("id","project_id","predecessor_id","successor_id","type","lag_days") VALUES('dep_2ed5f97b520941f5ad6e69974a85e338','proj_d81636977d1b39886f86ca89c3f2aa26','lot_e9bfc83000213975f4bdfdd840f5f76d','lot_cfa4b72632c1f64de229609da21aa428','FS',0);
INSERT INTO "dependencies" ("id","project_id","predecessor_id","successor_id","type","lag_days") VALUES('dep_a011c5e61c943cdbd2ffe08adffcfe3b','proj_d81636977d1b39886f86ca89c3f2aa26','lot_72dd4d8da185fa586c46be28f7cdbd41','lot_cfa4b72632c1f64de229609da21aa428','FS',0);
INSERT INTO "dependencies" ("id","project_id","predecessor_id","successor_id","type","lag_days") VALUES('dep_dd22761c3cd3c78cbdd611d01f9012e2','proj_d81636977d1b39886f86ca89c3f2aa26','lot_eb67b3051a73a25f3c8008ce0a93bd88','lot_e9bfc83000213975f4bdfdd840f5f76d','SS',0);
INSERT INTO "dependencies" ("id","project_id","predecessor_id","successor_id","type","lag_days") VALUES('dep_2369808f63932451aef075a226db845b','proj_d81636977d1b39886f86ca89c3f2aa26','lot_eb67b3051a73a25f3c8008ce0a93bd88','lot_72dd4d8da185fa586c46be28f7cdbd41','SS',0);
INSERT INTO "dependencies" ("id","project_id","predecessor_id","successor_id","type","lag_days") VALUES('dep_480d302d972ca9bb922132619fce62fd','proj_d81636977d1b39886f86ca89c3f2aa26','lot_cfa4b72632c1f64de229609da21aa428','lot_6f15c58130c96503fb3c14f4685688d3','SS',10);
INSERT INTO "dependencies" ("id","project_id","predecessor_id","successor_id","type","lag_days") VALUES('dep_6d31c9a6e9b543112d95d134a889c82f','proj_d81636977d1b39886f86ca89c3f2aa26','lot_cfa4b72632c1f64de229609da21aa428','lot_c7186b20046374f06f47267aff13a77a','FS',0);
INSERT INTO "dependencies" ("id","project_id","predecessor_id","successor_id","type","lag_days") VALUES('dep_6e3cfe7e2f40483bd2e2edebfd99161f','proj_d81636977d1b39886f86ca89c3f2aa26','lot_cfa4b72632c1f64de229609da21aa428','lot_1173c041c39e71041e8fb352cb19b4b1','FS',0);
INSERT INTO "dependencies" ("id","project_id","predecessor_id","successor_id","type","lag_days") VALUES('dep_2c2b99ca882b6e117798224fd213a74b','proj_d81636977d1b39886f86ca89c3f2aa26','lot_cfa4b72632c1f64de229609da21aa428','lot_552fb8773b372234cdad977605db41ba','FS',0);
INSERT INTO "dependencies" ("id","project_id","predecessor_id","successor_id","type","lag_days") VALUES('dep_ada341e1b6880f11b61b3e64f0690b53','proj_d81636977d1b39886f86ca89c3f2aa26','lot_552fb8773b372234cdad977605db41ba','lot_13152fc6bf71acd0e00303e714044f72','SS',8);
INSERT INTO "dependencies" ("id","project_id","predecessor_id","successor_id","type","lag_days") VALUES('dep_repair_pred1_L10A','proj_d81636977d1b39886f86ca89c3f2aa26','lot_eb67b3051a73a25f3c8008ce0a93bd88','lot_0df036999ca6a7b9254d1c2cc1206b4b','FS',0);
INSERT INTO "dependencies" ("id","project_id","predecessor_id","successor_id","type","lag_days") VALUES('dep_repair_pred2_L10A','proj_d81636977d1b39886f86ca89c3f2aa26','lot_e9bfc83000213975f4bdfdd840f5f76d','lot_0df036999ca6a7b9254d1c2cc1206b4b','FS',0);
INSERT INTO "dependencies" ("id","project_id","predecessor_id","successor_id","type","lag_days") VALUES('dep_repair_pred3_L10A','proj_d81636977d1b39886f86ca89c3f2aa26','lot_72dd4d8da185fa586c46be28f7cdbd41','lot_0df036999ca6a7b9254d1c2cc1206b4b','FS',0);
INSERT INTO "dependencies" ("id","project_id","predecessor_id","successor_id","type","lag_days") VALUES('dep_repair_L10A_L10B','proj_d81636977d1b39886f86ca89c3f2aa26','lot_0df036999ca6a7b9254d1c2cc1206b4b','lot_89ebc594373aa7aaa2dc55108991a6f2','FS',0);
INSERT INTO "dependencies" ("id","project_id","predecessor_id","successor_id","type","lag_days") VALUES('dep_repair_L10B_L10c','proj_d81636977d1b39886f86ca89c3f2aa26','lot_89ebc594373aa7aaa2dc55108991a6f2','lot_d8b231b2c6435cbb5f82857719a64d4d','FS',0);
INSERT INTO "dependencies" ("id","project_id","predecessor_id","successor_id","type","lag_days") VALUES('dep_repair_L10c_suc1','proj_d81636977d1b39886f86ca89c3f2aa26','lot_d8b231b2c6435cbb5f82857719a64d4d','lot_6f15c58130c96503fb3c14f4685688d3','SS',10);
INSERT INTO "dependencies" ("id","project_id","predecessor_id","successor_id","type","lag_days") VALUES('dep_repair_L10c_suc2','proj_d81636977d1b39886f86ca89c3f2aa26','lot_d8b231b2c6435cbb5f82857719a64d4d','lot_c7186b20046374f06f47267aff13a77a','FS',0);
INSERT INTO "dependencies" ("id","project_id","predecessor_id","successor_id","type","lag_days") VALUES('dep_repair_L10c_suc3','proj_d81636977d1b39886f86ca89c3f2aa26','lot_d8b231b2c6435cbb5f82857719a64d4d','lot_1173c041c39e71041e8fb352cb19b4b1','FS',0);
INSERT INTO "dependencies" ("id","project_id","predecessor_id","successor_id","type","lag_days") VALUES('dep_repair_L10c_suc4','proj_d81636977d1b39886f86ca89c3f2aa26','lot_d8b231b2c6435cbb5f82857719a64d4d','lot_552fb8773b372234cdad977605db41ba','FS',0);
INSERT INTO "dependencies" ("id","project_id","predecessor_id","successor_id","type","lag_days") VALUES('dep_f143c27317d0218f2a24ed346c404c99','proj_d81636977d1b39886f86ca89c3f2aa26','lot_cfa4b72632c1f64de229609da21aa428','lot_9d0a636a3ebf1d45bd0fa6ef9bed8959','FS',0);
INSERT INTO "dependencies" ("id","project_id","predecessor_id","successor_id","type","lag_days") VALUES('dep_abc37512d2e674943bc2dfbf918c899e','proj_d81636977d1b39886f86ca89c3f2aa26','lot_d8b231b2c6435cbb5f82857719a64d4d','lot_9d0a636a3ebf1d45bd0fa6ef9bed8959','FS',0);
INSERT INTO "dependencies" ("id","project_id","predecessor_id","successor_id","type","lag_days") VALUES('dep_b5ee44f21862c56621a3f4da74e032e5','proj_d81636977d1b39886f86ca89c3f2aa26','lot_9d0a636a3ebf1d45bd0fa6ef9bed8959','lot_2a6536563db01f474e75b787e98b8835','FS',0);
INSERT INTO "dependencies" ("id","project_id","predecessor_id","successor_id","type","lag_days") VALUES('dep_4181ea14c72578173f6d362eb739199f','proj_d81636977d1b39886f86ca89c3f2aa26','lot_2a6536563db01f474e75b787e98b8835','lot_d0df8302ff4f511904420f97ae6d9ee2','FS',0);
INSERT INTO "dependencies" ("id","project_id","predecessor_id","successor_id","type","lag_days") VALUES('dep_52380df9c312277a37941ae1b1bc28ff','proj_d81636977d1b39886f86ca89c3f2aa26','lot_d0df8302ff4f511904420f97ae6d9ee2','lot_c967c3798339fad8535fc9d1262dd8b2','FS',0);
INSERT INTO "dependencies" ("id","project_id","predecessor_id","successor_id","type","lag_days") VALUES('dep_d71cce9bd77081329af7351fe8df6c5a','proj_d81636977d1b39886f86ca89c3f2aa26','lot_c967c3798339fad8535fc9d1262dd8b2','lot_13152fc6bf71acd0e00303e714044f72','SS',8);
CREATE TABLE progress_updates (
  id TEXT PRIMARY KEY,
  lot_id TEXT NOT NULL REFERENCES lots(id) ON DELETE CASCADE,
  user_id TEXT NOT NULL REFERENCES users(id),
  progress_percent INTEGER NOT NULL,
  comment TEXT,
  created_at TEXT DEFAULT (datetime('now'))
);
CREATE TABLE notifications (
  id TEXT PRIMARY KEY,
  user_id TEXT NOT NULL REFERENCES users(id) ON DELETE CASCADE,
  project_id TEXT REFERENCES projects(id),
  lot_id TEXT REFERENCES lots(id),
  type TEXT NOT NULL,
  title TEXT NOT NULL,
  title_tr TEXT,
  message TEXT NOT NULL,
  message_tr TEXT,
  is_read INTEGER DEFAULT 0,
  created_at TEXT DEFAULT (datetime('now'))
);
INSERT INTO "notifications" ("id","user_id","project_id","lot_id","type","title","title_tr","message","message_tr","is_read","created_at") VALUES('notif_6874fa63efb67a281b48e3653111d699','df_u006','xls_p078','l_xls_p078_IT11','lot_assigned','Lot assigné — IT11','Lot atandı — IT11','Le lot IT11 "Pose isolant" du projet "ITE COPRO 7 RUE DE BELGRADE - MONTIGNY - MODELE" vous a été assigné.','"ITE COPRO 7 RUE DE BELGRADE - MONTIGNY - MODELE" projesindeki IT11 "Pose isolant" lotu size atandı.',0,'2026-03-06 17:07:13');
INSERT INTO "notifications" ("id","user_id","project_id","lot_id","type","title","title_tr","message","message_tr","is_read","created_at") VALUES('notif_831b7aa3d80520ddfc11a4b06eafa0c9','df_u006','xls_p075','lot_6fb6592fcfccec04c8923476a54be8fc','lot_assigned','Lot assigné — EC99','Lot atandı — EC99','Le lot EC99 "Dépose échafaudage" du projet "AMELIORATION ENERGETIQUE MATERNELLE - RODEMACK" vous a été assigné.','"AMELIORATION ENERGETIQUE MATERNELLE - RODEMACK" projesindeki EC99 "Dépose échafaudage" lotu size atandı.',0,'2026-03-06 17:08:15');
CREATE TABLE ai_sessions (
  id TEXT PRIMARY KEY,
  project_id TEXT REFERENCES projects(id) ON DELETE CASCADE,
  prompt TEXT,
  response TEXT,
  created_at TEXT DEFAULT (datetime('now'))
);
CREATE TABLE companies (
  id           TEXT PRIMARY KEY,
  name         TEXT NOT NULL,
  siret        TEXT,
  address      TEXT,
  city         TEXT,
  postal_code  TEXT,
  email        TEXT,
  phone        TEXT,
  plan         TEXT NOT NULL DEFAULT 'free',  -- free | pro | enterprise
  plan_expires_at TEXT,                        -- date ISO, NULL = pas d'expiration
  is_active    INTEGER NOT NULL DEFAULT 1,
  created_at   TEXT NOT NULL DEFAULT (datetime('now')),
  updated_at   TEXT NOT NULL DEFAULT (datetime('now'))
, type TEXT NOT NULL DEFAULT 'entreprise_generale', activity TEXT, lot_types TEXT);
INSERT INTO "companies" ("id","name","siret","address","city","postal_code","email","phone","plan","plan_expires_at","is_active","created_at","updated_at","type","activity","lot_types") VALUES('company_001','LORRAINE CONSTRUCTEURS',NULL,'7 rue andré marie ampere','METZ','57070','lornc.travaux@outlook.com',NULL,'pro',NULL,1,'2026-03-05 21:43:55','2026-03-08 00:19:56','entreprise_generale',NULL,'[]');
INSERT INTO "companies" ("id","name","siret","address","city","postal_code","email","phone","plan","plan_expires_at","is_active","created_at","updated_at","type","activity","lot_types") VALUES('comp_df','DESIGN FACADES',NULL,NULL,'Nancy',NULL,NULL,NULL,'pro',NULL,1,'2026-03-06 00:04:00','2026-03-06 00:04:00','entreprise_metier','facade','["ECHAF","ITE","ENDUIT","BARDAGE","LASURE","RAVALEMENT"]');
CREATE TABLE milestones (
  id TEXT PRIMARY KEY,
  project_id TEXT NOT NULL REFERENCES projects(id) ON DELETE CASCADE,
  name TEXT NOT NULL,
  date TEXT NOT NULL,
  color TEXT NOT NULL DEFAULT '#ef4444',
  created_at TEXT DEFAULT (datetime('now'))
);
INSERT INTO "milestones" ("id","project_id","name","date","color","created_at") VALUES('ms_f65efa3dfee80661827b7d361ec3fc80','proj_d81636977d1b39886f86ca89c3f2aa26','ASSURANCE DO','2026-10-15','#ef4444','2026-03-08 01:10:53');
INSERT INTO "milestones" ("id","project_id","name","date","color","created_at") VALUES('ms_a93d6b799cbdb617bd6016aa0abbc487','proj_d81636977d1b39886f86ca89c3f2aa26','DO','2026-03-15','#ef4444','2026-03-08 01:18:38');
CREATE TABLE password_reset_tokens (
  id TEXT PRIMARY KEY,
  user_id TEXT NOT NULL REFERENCES users(id) ON DELETE CASCADE,
  token_hash TEXT NOT NULL,
  expires_at TEXT NOT NULL,
  used INTEGER DEFAULT 0,
  created_at TEXT DEFAULT (datetime('now'))
);
INSERT INTO "password_reset_tokens" ("id","user_id","token_hash","expires_at","used","created_at") VALUES('c024becb024c30e677265e3ad7e74a73','usr_admin_v2_001','a82b1ba40e09c48cbaaf40026982d036c3f733a666fb9c0bbfe2b3bbf58046af','2026-03-07T00:40:58.389Z',1,'2026-03-06 23:40:58');
CREATE TABLE lot_tasks (
  id TEXT PRIMARY KEY,
  lot_id TEXT NOT NULL REFERENCES lots(id) ON DELETE CASCADE,
  name TEXT NOT NULL,
  type TEXT NOT NULL DEFAULT 'custom',  -- 'commande'|'execution'|'livraison'|'custom'
  start_date TEXT,
  end_date TEXT,
  progress INTEGER DEFAULT 0,
  subcontractor_id TEXT REFERENCES users(id),
  sort_order INTEGER DEFAULT 0,
  created_at TEXT DEFAULT (datetime('now'))
);
INSERT INTO "lot_tasks" ("id","lot_id","name","type","start_date","end_date","progress","subcontractor_id","sort_order","created_at") VALUES('task_12c96ac2520948bf28dc8565be92e7b7','lot_cfa4b72632c1f64de229609da21aa428','LOT A','custom','2026-02-05','2026-02-28',95,NULL,0,'2026-03-08 00:52:15');
INSERT INTO "lot_tasks" ("id","lot_id","name","type","start_date","end_date","progress","subcontractor_id","sort_order","created_at") VALUES('task_294cffa915af15208b607b5a99c4f424','lot_cfa4b72632c1f64de229609da21aa428','LOT B','custom','2025-10-15','2025-11-15',95,NULL,1,'2026-03-08 00:52:44');
INSERT INTO "lot_tasks" ("id","lot_id","name","type","start_date","end_date","progress","subcontractor_id","sort_order","created_at") VALUES('task_72dc4da935906b44f9ebb18d7dd3dcbd','lot_cfa4b72632c1f64de229609da21aa428','LOT C','custom','2026-03-02','2026-03-15',25,NULL,2,'2026-03-08 00:53:58');
CREATE TABLE lot_assignments (
  id TEXT PRIMARY KEY,
  lot_id TEXT NOT NULL REFERENCES lots(id) ON DELETE CASCADE,
  subcontractor_id TEXT NOT NULL REFERENCES users(id) ON DELETE CASCADE,
  start_date TEXT,
  end_date TEXT,
  progress INTEGER DEFAULT 0,
  comment TEXT,
  created_at TEXT DEFAULT (datetime('now')),
  UNIQUE(lot_id, subcontractor_id)
);
CREATE TABLE teams (
  id TEXT PRIMARY KEY,
  name TEXT NOT NULL,
  color TEXT NOT NULL DEFAULT '#6B7280',
  leader_id TEXT REFERENCES users(id) ON DELETE SET NULL,
  description TEXT,
  created_at TEXT DEFAULT (datetime('now')),
  updated_at TEXT DEFAULT (datetime('now'))
, company_id TEXT REFERENCES companies(id));
INSERT INTO "teams" ("id","name","color","leader_id","description","created_at","updated_at","company_id") VALUES('df_team_001','Façade Grésée 1','#1d4ed8','df_u008','Chef : DEMIR Omer — maçons briqueteurs + façadiers','2026-03-05 22:41:33','2026-03-05 22:41:33','comp_df');
INSERT INTO "teams" ("id","name","color","leader_id","description","created_at","updated_at","company_id") VALUES('df_team_002','Façade Grésée 2','#2563eb','df_u009','Chef : DEMIR Orhan — façadiers','2026-03-05 22:41:33','2026-03-05 22:41:33','comp_df');
INSERT INTO "teams" ("id","name","color","leader_id","description","created_at","updated_at","company_id") VALUES('df_team_003','Enduit Projeté','#d97706','df_u010','Chef : HAJDARI Emir — enduiseurs','2026-03-05 22:41:33','2026-03-05 22:41:33','comp_df');
INSERT INTO "teams" ("id","name","color","leader_id","description","created_at","updated_at","company_id") VALUES('df_team_004','Bardage','#7c3aed','df_u011','Chef : KARAKAYA Mustafa — bardeurs','2026-03-05 22:41:33','2026-03-05 22:41:33','comp_df');
INSERT INTO "teams" ("id","name","color","leader_id","description","created_at","updated_at","company_id") VALUES('df_team_005','Polyvalente 1','#059669','df_u012','Chef : KISABACAK Sercan — façadiers polyvalents','2026-03-05 22:41:33','2026-03-05 22:41:33','comp_df');
INSERT INTO "teams" ("id","name","color","leader_id","description","created_at","updated_at","company_id") VALUES('df_team_006','Echafaudage','#dc2626','df_u013','Chef : KIVRAK Soner — échafaudeurs','2026-03-05 22:41:33','2026-03-05 22:41:33','comp_df');
INSERT INTO "teams" ("id","name","color","leader_id","description","created_at","updated_at","company_id") VALUES('df_team_007','Polyvalente 2','#0891b2','df_u014','Chef : OMEROVIC Alija — aides polyvalents','2026-03-05 22:41:33','2026-03-05 22:41:33','comp_df');
INSERT INTO "teams" ("id","name","color","leader_id","description","created_at","updated_at","company_id") VALUES('df_team_008','Polyvalente 3','#ea580c','df_u015','Chef : OZEL Gursel — polyvalents','2026-03-05 22:41:33','2026-03-05 22:41:33','comp_df');
CREATE TABLE team_members (
  id TEXT PRIMARY KEY,
  team_id TEXT NOT NULL REFERENCES teams(id) ON DELETE CASCADE,
  user_id TEXT NOT NULL REFERENCES users(id) ON DELETE CASCADE,
  role_in_team TEXT DEFAULT 'member',
  created_at TEXT DEFAULT (datetime('now')),
  UNIQUE(team_id, user_id)
);
INSERT INTO "team_members" ("id","team_id","user_id","role_in_team","created_at") VALUES('df_tm_001','df_team_001','df_u008','leader','2026-03-05 22:41:33');
INSERT INTO "team_members" ("id","team_id","user_id","role_in_team","created_at") VALUES('df_tm_002','df_team_001','df_u016','member','2026-03-05 22:41:33');
INSERT INTO "team_members" ("id","team_id","user_id","role_in_team","created_at") VALUES('df_tm_003','df_team_001','df_u024','member','2026-03-05 22:41:33');
INSERT INTO "team_members" ("id","team_id","user_id","role_in_team","created_at") VALUES('df_tm_004','df_team_001','df_u018','member','2026-03-05 22:41:33');
INSERT INTO "team_members" ("id","team_id","user_id","role_in_team","created_at") VALUES('df_tm_005','df_team_001','df_u019','member','2026-03-05 22:41:33');
INSERT INTO "team_members" ("id","team_id","user_id","role_in_team","created_at") VALUES('df_tm_006','df_team_001','df_u021','member','2026-03-05 22:41:33');
INSERT INTO "team_members" ("id","team_id","user_id","role_in_team","created_at") VALUES('df_tm_007','df_team_002','df_u009','leader','2026-03-05 22:41:33');
INSERT INTO "team_members" ("id","team_id","user_id","role_in_team","created_at") VALUES('df_tm_008','df_team_002','df_u029','member','2026-03-05 22:41:33');
INSERT INTO "team_members" ("id","team_id","user_id","role_in_team","created_at") VALUES('df_tm_009','df_team_002','df_u031','member','2026-03-05 22:41:33');
INSERT INTO "team_members" ("id","team_id","user_id","role_in_team","created_at") VALUES('df_tm_010','df_team_002','df_u032','member','2026-03-05 22:41:33');
INSERT INTO "team_members" ("id","team_id","user_id","role_in_team","created_at") VALUES('df_tm_011','df_team_002','df_u033','member','2026-03-05 22:41:33');
INSERT INTO "team_members" ("id","team_id","user_id","role_in_team","created_at") VALUES('df_tm_012','df_team_002','df_u039','member','2026-03-05 22:41:33');
INSERT INTO "team_members" ("id","team_id","user_id","role_in_team","created_at") VALUES('df_tm_013','df_team_003','df_u010','leader','2026-03-05 22:41:33');
INSERT INTO "team_members" ("id","team_id","user_id","role_in_team","created_at") VALUES('df_tm_014','df_team_003','df_u017','member','2026-03-05 22:41:33');
INSERT INTO "team_members" ("id","team_id","user_id","role_in_team","created_at") VALUES('df_tm_015','df_team_003','df_u023','member','2026-03-05 22:41:33');
INSERT INTO "team_members" ("id","team_id","user_id","role_in_team","created_at") VALUES('df_tm_016','df_team_003','df_u034','member','2026-03-05 22:41:33');
INSERT INTO "team_members" ("id","team_id","user_id","role_in_team","created_at") VALUES('df_tm_017','df_team_003','df_u022','member','2026-03-05 22:41:33');
INSERT INTO "team_members" ("id","team_id","user_id","role_in_team","created_at") VALUES('df_tm_018','df_team_003','df_u030','member','2026-03-05 22:41:33');
INSERT INTO "team_members" ("id","team_id","user_id","role_in_team","created_at") VALUES('df_tm_019','df_team_004','df_u011','leader','2026-03-05 22:41:33');
INSERT INTO "team_members" ("id","team_id","user_id","role_in_team","created_at") VALUES('df_tm_020','df_team_004','df_u027','member','2026-03-05 22:41:33');
INSERT INTO "team_members" ("id","team_id","user_id","role_in_team","created_at") VALUES('df_tm_021','df_team_004','df_u035','member','2026-03-05 22:41:33');
INSERT INTO "team_members" ("id","team_id","user_id","role_in_team","created_at") VALUES('df_tm_022','df_team_004','df_u025','member','2026-03-05 22:41:33');
INSERT INTO "team_members" ("id","team_id","user_id","role_in_team","created_at") VALUES('df_tm_023','df_team_004','df_u026','member','2026-03-05 22:41:33');
INSERT INTO "team_members" ("id","team_id","user_id","role_in_team","created_at") VALUES('df_tm_024','df_team_005','df_u012','leader','2026-03-05 22:41:33');
INSERT INTO "team_members" ("id","team_id","user_id","role_in_team","created_at") VALUES('df_tm_025','df_team_005','df_u041','member','2026-03-05 22:41:33');
INSERT INTO "team_members" ("id","team_id","user_id","role_in_team","created_at") VALUES('df_tm_026','df_team_005','df_u042','member','2026-03-05 22:41:33');
INSERT INTO "team_members" ("id","team_id","user_id","role_in_team","created_at") VALUES('df_tm_027','df_team_005','df_u043','member','2026-03-05 22:41:33');
INSERT INTO "team_members" ("id","team_id","user_id","role_in_team","created_at") VALUES('df_tm_028','df_team_005','df_u038','member','2026-03-05 22:41:33');
INSERT INTO "team_members" ("id","team_id","user_id","role_in_team","created_at") VALUES('df_tm_029','df_team_006','df_u013','leader','2026-03-05 22:41:33');
INSERT INTO "team_members" ("id","team_id","user_id","role_in_team","created_at") VALUES('df_tm_030','df_team_006','df_u020','member','2026-03-05 22:41:33');
INSERT INTO "team_members" ("id","team_id","user_id","role_in_team","created_at") VALUES('df_tm_031','df_team_006','df_u028','member','2026-03-05 22:41:33');
INSERT INTO "team_members" ("id","team_id","user_id","role_in_team","created_at") VALUES('df_tm_032','df_team_006','df_u036','member','2026-03-05 22:41:33');
INSERT INTO "team_members" ("id","team_id","user_id","role_in_team","created_at") VALUES('df_tm_033','df_team_006','df_u037','member','2026-03-05 22:41:33');
INSERT INTO "team_members" ("id","team_id","user_id","role_in_team","created_at") VALUES('df_tm_034','df_team_007','df_u014','leader','2026-03-05 22:41:33');
INSERT INTO "team_members" ("id","team_id","user_id","role_in_team","created_at") VALUES('df_tm_035','df_team_007','df_u040','member','2026-03-05 22:41:33');
INSERT INTO "team_members" ("id","team_id","user_id","role_in_team","created_at") VALUES('df_tm_036','df_team_008','df_u015','leader','2026-03-05 22:41:33');
INSERT INTO "team_members" ("id","team_id","user_id","role_in_team","created_at") VALUES('tmb_5db433b1ae9848a4cf2c82536631898e','df_team_008','df_u006','member','2026-03-06 20:15:58');
CREATE TABLE clients (
  id          TEXT PRIMARY KEY,
  name        TEXT NOT NULL,
  email       TEXT,
  phone       TEXT,
  address     TEXT,
  city        TEXT,
  postal_code TEXT,
  notes       TEXT,
  created_at  TEXT DEFAULT (datetime('now')),
  updated_at  TEXT DEFAULT (datetime('now'))
, company_id TEXT REFERENCES companies(id));
INSERT INTO "clients" ("id","name","email","phone","address","city","postal_code","notes","created_at","updated_at","company_id") VALUES('cli_001','BATIGERE',NULL,NULL,NULL,NULL,NULL,NULL,'2026-03-05 23:29:51','2026-03-05 23:29:51','comp_df');
INSERT INTO "clients" ("id","name","email","phone","address","city","postal_code","notes","created_at","updated_at","company_id") VALUES('cli_002','SEM EMH',NULL,NULL,NULL,NULL,NULL,NULL,'2026-03-05 23:29:51','2026-03-05 23:29:51','comp_df');
INSERT INTO "clients" ("id","name","email","phone","address","city","postal_code","notes","created_at","updated_at","company_id") VALUES('cli_003','SCCV LES HAUTS DE MANOM',NULL,NULL,NULL,NULL,NULL,NULL,'2026-03-05 23:29:51','2026-03-05 23:29:51','comp_df');
INSERT INTO "clients" ("id","name","email","phone","address","city","postal_code","notes","created_at","updated_at","company_id") VALUES('cli_004','VIVEST',NULL,NULL,NULL,NULL,NULL,NULL,'2026-03-05 23:29:51','2026-03-05 23:29:51','comp_df');
INSERT INTO "clients" ("id","name","email","phone","address","city","postal_code","notes","created_at","updated_at","company_id") VALUES('cli_005','BLUE EMAERAUDE - SCCV CASSIOPEE',NULL,NULL,NULL,NULL,NULL,NULL,'2026-03-05 23:29:51','2026-03-05 23:29:51','comp_df');
INSERT INTO "clients" ("id","name","email","phone","address","city","postal_code","notes","created_at","updated_at","company_id") VALUES('cli_006','NOVA HOMES',NULL,NULL,NULL,NULL,NULL,NULL,'2026-03-05 23:29:51','2026-03-05 23:29:51','comp_df');
INSERT INTO "clients" ("id","name","email","phone","address","city","postal_code","notes","created_at","updated_at","company_id") VALUES('cli_007','DELTA PROMOTION - SCCV MULLIGAN',NULL,NULL,NULL,NULL,NULL,NULL,'2026-03-05 23:29:51','2026-03-05 23:29:51','comp_df');
INSERT INTO "clients" ("id","name","email","phone","address","city","postal_code","notes","created_at","updated_at","company_id") VALUES('cli_008','MAGNUM IMMO - SP2E ROYAL PROMOTION SARL',NULL,NULL,NULL,NULL,NULL,NULL,'2026-03-05 23:29:51','2026-03-05 23:29:51','comp_df');
INSERT INTO "clients" ("id","name","email","phone","address","city","postal_code","notes","created_at","updated_at","company_id") VALUES('cli_009','ENTENTE SOCIO CULTURELLE ISLAMIQUE',NULL,NULL,NULL,NULL,NULL,NULL,'2026-03-05 23:29:51','2026-03-05 23:29:51','comp_df');
INSERT INTO "clients" ("id","name","email","phone","address","city","postal_code","notes","created_at","updated_at","company_id") VALUES('cli_010','MAIRIE D''ILLANGE',NULL,NULL,NULL,NULL,NULL,NULL,'2026-03-05 23:29:51','2026-03-05 23:29:51','comp_df');
INSERT INTO "clients" ("id","name","email","phone","address","city","postal_code","notes","created_at","updated_at","company_id") VALUES('cli_011','CMSEA',NULL,NULL,NULL,NULL,NULL,NULL,'2026-03-05 23:29:51','2026-03-05 23:29:51','comp_df');
INSERT INTO "clients" ("id","name","email","phone","address","city","postal_code","notes","created_at","updated_at","company_id") VALUES('cli_012','IDEA CONSTRUCTION',NULL,NULL,NULL,NULL,NULL,NULL,'2026-03-05 23:29:51','2026-03-05 23:29:51','comp_df');
INSERT INTO "clients" ("id","name","email","phone","address","city","postal_code","notes","created_at","updated_at","company_id") VALUES('cli_013','STRADIM',NULL,NULL,NULL,NULL,NULL,NULL,'2026-03-05 23:29:51','2026-03-05 23:29:51','comp_df');
INSERT INTO "clients" ("id","name","email","phone","address","city","postal_code","notes","created_at","updated_at","company_id") VALUES('cli_014','EIFFAGE',NULL,NULL,NULL,NULL,NULL,NULL,'2026-03-05 23:29:51','2026-03-05 23:29:51','comp_df');
INSERT INTO "clients" ("id","name","email","phone","address","city","postal_code","notes","created_at","updated_at","company_id") VALUES('cli_015','HOTEL BEST WESTERN / I2C',NULL,NULL,NULL,NULL,NULL,NULL,'2026-03-05 23:29:51','2026-03-05 23:29:51','comp_df');
INSERT INTO "clients" ("id","name","email","phone","address","city","postal_code","notes","created_at","updated_at","company_id") VALUES('cli_016','MARTEL IMMO',NULL,NULL,NULL,NULL,NULL,NULL,'2026-03-05 23:29:51','2026-03-05 23:29:51','comp_df');
INSERT INTO "clients" ("id","name","email","phone","address","city","postal_code","notes","created_at","updated_at","company_id") VALUES('cli_017','BOUYGUES BATIMENT',NULL,NULL,NULL,NULL,NULL,NULL,'2026-03-05 23:29:51','2026-03-05 23:29:51','comp_df');
INSERT INTO "clients" ("id","name","email","phone","address","city","postal_code","notes","created_at","updated_at","company_id") VALUES('cli_018','MAIRIE DE FIXEM',NULL,NULL,NULL,NULL,NULL,NULL,'2026-03-05 23:29:51','2026-03-05 23:29:51','comp_df');
INSERT INTO "clients" ("id","name","email","phone","address","city","postal_code","notes","created_at","updated_at","company_id") VALUES('cli_019','SCCV DE LA FONTAINE (EVEL)',NULL,NULL,NULL,NULL,NULL,NULL,'2026-03-05 23:29:51','2026-03-05 23:29:51','comp_df');
INSERT INTO "clients" ("id","name","email","phone","address","city","postal_code","notes","created_at","updated_at","company_id") VALUES('cli_020','TERRALIA HABITAT - SCCV METZ METMAN',NULL,NULL,NULL,NULL,NULL,NULL,'2026-03-05 23:29:51','2026-03-05 23:29:51','comp_df');
INSERT INTO "clients" ("id","name","email","phone","address","city","postal_code","notes","created_at","updated_at","company_id") VALUES('cli_021','SODEVAM',NULL,NULL,NULL,NULL,NULL,NULL,'2026-03-05 23:29:51','2026-03-05 23:29:51','comp_df');
INSERT INTO "clients" ("id","name","email","phone","address","city","postal_code","notes","created_at","updated_at","company_id") VALUES('cli_022','SCCV HERACLES - IC2',NULL,NULL,NULL,NULL,NULL,NULL,'2026-03-05 23:29:51','2026-03-05 23:29:51','comp_df');
INSERT INTO "clients" ("id","name","email","phone","address","city","postal_code","notes","created_at","updated_at","company_id") VALUES('cli_023','SCCV PAIXHANS',NULL,NULL,NULL,NULL,NULL,NULL,'2026-03-05 23:29:51','2026-03-05 23:29:51','comp_df');
INSERT INTO "clients" ("id","name","email","phone","address","city","postal_code","notes","created_at","updated_at","company_id") VALUES('cli_024','SCCV VILLA 8 ASFELD',NULL,NULL,NULL,NULL,NULL,NULL,'2026-03-05 23:29:51','2026-03-05 23:29:51','comp_df');
INSERT INTO "clients" ("id","name","email","phone","address","city","postal_code","notes","created_at","updated_at","company_id") VALUES('cli_025','CONCEPT IMMO',NULL,NULL,NULL,NULL,NULL,NULL,'2026-03-05 23:29:51','2026-03-05 23:29:51','comp_df');
INSERT INTO "clients" ("id","name","email","phone","address","city","postal_code","notes","created_at","updated_at","company_id") VALUES('cli_026','KAUFMAN ET BROAD',NULL,NULL,NULL,NULL,NULL,NULL,'2026-03-05 23:29:51','2026-03-05 23:29:51','comp_df');
INSERT INTO "clients" ("id","name","email","phone","address","city","postal_code","notes","created_at","updated_at","company_id") VALUES('cli_027','LE NID - SA COOPERATIVE HLM',NULL,NULL,NULL,NULL,NULL,NULL,'2026-03-05 23:29:51','2026-03-05 23:29:51','comp_df');
INSERT INTO "clients" ("id","name","email","phone","address","city","postal_code","notes","created_at","updated_at","company_id") VALUES('cli_028','MAGNUM IMMO - SERGE FINANCES',NULL,NULL,NULL,NULL,NULL,NULL,'2026-03-05 23:29:51','2026-03-05 23:29:51','comp_df');
INSERT INTO "clients" ("id","name","email","phone","address","city","postal_code","notes","created_at","updated_at","company_id") VALUES('cli_029','KATSIKAS',NULL,NULL,NULL,NULL,NULL,NULL,'2026-03-05 23:29:51','2026-03-05 23:29:51','comp_df');
INSERT INTO "clients" ("id","name","email","phone","address","city","postal_code","notes","created_at","updated_at","company_id") VALUES('cli_030','DELTA PROMOTION - SNC ECORED',NULL,NULL,NULL,NULL,NULL,NULL,'2026-03-05 23:29:51','2026-03-05 23:29:51','comp_df');
INSERT INTO "clients" ("id","name","email","phone","address","city","postal_code","notes","created_at","updated_at","company_id") VALUES('cli_031','FONTION BOMPARD - DM INGENIERIE',NULL,NULL,NULL,NULL,NULL,NULL,'2026-03-05 23:29:51','2026-03-05 23:29:51','comp_df');
INSERT INTO "clients" ("id","name","email","phone","address","city","postal_code","notes","created_at","updated_at","company_id") VALUES('cli_032','VILLE DE SARREGUEMINES',NULL,NULL,NULL,NULL,NULL,NULL,'2026-03-05 23:29:51','2026-03-05 23:29:51','comp_df');
INSERT INTO "clients" ("id","name","email","phone","address","city","postal_code","notes","created_at","updated_at","company_id") VALUES('cli_033','GROUPE HABITER',NULL,NULL,NULL,NULL,NULL,NULL,'2026-03-05 23:29:51','2026-03-05 23:29:51','comp_df');
INSERT INTO "clients" ("id","name","email","phone","address","city","postal_code","notes","created_at","updated_at","company_id") VALUES('cli_034','IMMOBILIERE GEORGES',NULL,NULL,NULL,NULL,NULL,NULL,'2026-03-05 23:29:51','2026-03-05 23:29:51','comp_df');
INSERT INTO "clients" ("id","name","email","phone","address","city","postal_code","notes","created_at","updated_at","company_id") VALUES('cli_035','GROUPE PICHET - I2C',NULL,NULL,NULL,NULL,NULL,NULL,'2026-03-05 23:29:51','2026-03-05 23:29:51','comp_df');
INSERT INTO "clients" ("id","name","email","phone","address","city","postal_code","notes","created_at","updated_at","company_id") VALUES('cli_036','ICADE PROMOTION - SNC IP1R',NULL,NULL,NULL,NULL,NULL,NULL,'2026-03-05 23:29:51','2026-03-05 23:29:51','comp_df');
INSERT INTO "clients" ("id","name","email","phone","address","city","postal_code","notes","created_at","updated_at","company_id") VALUES('cli_037','SCI BRUNO',NULL,NULL,NULL,NULL,NULL,NULL,'2026-03-05 23:29:51','2026-03-05 23:29:51','comp_df');
INSERT INTO "clients" ("id","name","email","phone","address","city","postal_code","notes","created_at","updated_at","company_id") VALUES('cli_038','CREDIT MUTUEL',NULL,NULL,NULL,NULL,NULL,NULL,'2026-03-05 23:29:51','2026-03-05 23:29:51','comp_df');
INSERT INTO "clients" ("id","name","email","phone","address","city","postal_code","notes","created_at","updated_at","company_id") VALUES('cli_039','MME HOFFMAN / LMO',NULL,NULL,NULL,NULL,NULL,NULL,'2026-03-05 23:29:51','2026-03-05 23:29:51','comp_df');
INSERT INTO "clients" ("id","name","email","phone","address","city","postal_code","notes","created_at","updated_at","company_id") VALUES('cli_040','BLUE HABITAT - SCCV FONTENOTTE',NULL,NULL,NULL,NULL,NULL,NULL,'2026-03-05 23:29:51','2026-03-05 23:29:51','comp_df');
INSERT INTO "clients" ("id","name","email","phone","address","city","postal_code","notes","created_at","updated_at","company_id") VALUES('cli_041','M2 PROMOTION - LMO',NULL,NULL,NULL,NULL,NULL,NULL,'2026-03-05 23:29:51','2026-03-05 23:29:51','comp_df');
INSERT INTO "clients" ("id","name","email","phone","address","city","postal_code","notes","created_at","updated_at","company_id") VALUES('cli_042','MAIRIE DE PELTRE',NULL,NULL,NULL,NULL,NULL,NULL,'2026-03-05 23:29:51','2026-03-05 23:29:51','comp_df');
INSERT INTO "clients" ("id","name","email","phone","address","city","postal_code","notes","created_at","updated_at","company_id") VALUES('cli_043','COMMUNE DE RODEMACK',NULL,NULL,NULL,NULL,NULL,NULL,'2026-03-05 23:29:51','2026-03-05 23:29:51','comp_df');
INSERT INTO "clients" ("id","name","email","phone","address","city","postal_code","notes","created_at","updated_at","company_id") VALUES('cli_044','FOUCHS CREATION',NULL,NULL,NULL,NULL,NULL,NULL,'2026-03-05 23:29:51','2026-03-05 23:29:51','comp_df');
INSERT INTO "clients" ("id","name","email","phone","address","city","postal_code","notes","created_at","updated_at","company_id") VALUES('cli_b9d66eb092a04e108b2c4e310f19cf5d','O2I KANFEN','O2KANFEN@outlook.com',NULL,'7 rue andré marie ampere','metz','57070','3 maisons a kanfen','2026-03-08 00:28:11','2026-03-08 00:28:11','company_001');
CREATE TABLE lot_templates (
  id            TEXT PRIMARY KEY,
  catalog_type  TEXT NOT NULL DEFAULT 'btp',  -- 'btp' | 'facade'
  code          TEXT NOT NULL,
  name          TEXT NOT NULL,
  name_tr       TEXT,
  duration_days INTEGER NOT NULL DEFAULT 10,
  color         TEXT NOT NULL DEFAULT '#6B7280',
  zone          TEXT,
  sort_order    INTEGER NOT NULL DEFAULT 0,
  lot_types     TEXT,         -- JSON array ['ITE','ECHAF'...] filtrage facade
  parent_code   TEXT,         -- sous-lot facade
  created_at    TEXT DEFAULT (datetime('now')),
  updated_at    TEXT DEFAULT (datetime('now')),
  UNIQUE(catalog_type, code)
);
INSERT INTO "lot_templates" ("id","catalog_type","code","name","name_tr","duration_days","color","zone","sort_order","lot_types","parent_code","created_at","updated_at") VALUES('lt_b01','btp','L01','VRD / Terrassement','Altyapı / Hafriyat',15,'#8B4513','Extérieur',1,NULL,NULL,'2026-03-06 17:35:32','2026-03-06 17:35:32');
INSERT INTO "lot_templates" ("id","catalog_type","code","name","name_tr","duration_days","color","zone","sort_order","lot_types","parent_code","created_at","updated_at") VALUES('lt_b02','btp','L02','Gros Œuvre / Fondations','Kaba Yapı / Temel',45,'#696969','Tous niveaux',2,NULL,NULL,'2026-03-06 17:35:32','2026-03-06 17:35:32');
INSERT INTO "lot_templates" ("id","catalog_type","code","name","name_tr","duration_days","color","zone","sort_order","lot_types","parent_code","created_at","updated_at") VALUES('lt_b03','btp','L03','Charpente / Ossature','Çatı Çerçevesi / Taşıyıcı',20,'#8B6914','Toiture',3,NULL,NULL,'2026-03-06 17:35:32','2026-03-06 17:35:32');
INSERT INTO "lot_templates" ("id","catalog_type","code","name","name_tr","duration_days","color","zone","sort_order","lot_types","parent_code","created_at","updated_at") VALUES('lt_b04','btp','L04','Couverture / Étanchéité','Çatı Örtüsü / Su Yalıtımı',15,'#2F4F4F','Toiture',4,NULL,NULL,'2026-03-06 17:35:32','2026-03-06 17:35:32');
INSERT INTO "lot_templates" ("id","catalog_type","code","name","name_tr","duration_days","color","zone","sort_order","lot_types","parent_code","created_at","updated_at") VALUES('lt_b05','btp','L05','Menuiseries Extérieures','Dış Doğramalar',12,'#4169E1','Façades',5,NULL,NULL,'2026-03-06 17:35:32','2026-03-06 17:35:32');
INSERT INTO "lot_templates" ("id","catalog_type","code","name","name_tr","duration_days","color","zone","sort_order","lot_types","parent_code","created_at","updated_at") VALUES('lt_b06','btp','L06','Ravalement / Façade','Cephe / Sıva',20,'#FF8C00','Façades',6,NULL,NULL,'2026-03-06 17:35:32','2026-03-06 17:35:32');
INSERT INTO "lot_templates" ("id","catalog_type","code","name","name_tr","duration_days","color","zone","sort_order","lot_types","parent_code","created_at","updated_at") VALUES('lt_b07','btp','L07','Électricité 1er œuvre','Elektrik 1. İmalat',15,'#FFD700','Tous niveaux',7,NULL,NULL,'2026-03-06 17:35:32','2026-03-06 17:35:32');
INSERT INTO "lot_templates" ("id","catalog_type","code","name","name_tr","duration_days","color","zone","sort_order","lot_types","parent_code","created_at","updated_at") VALUES('lt_b08','btp','L08','Plomberie 1er œuvre','Sıhhi Tesisat 1. İmalat',12,'#00CED1','Tous niveaux',8,NULL,NULL,'2026-03-06 17:35:32','2026-03-06 17:35:32');
INSERT INTO "lot_templates" ("id","catalog_type","code","name","name_tr","duration_days","color","zone","sort_order","lot_types","parent_code","created_at","updated_at") VALUES('lt_b09','btp','L09','CVC / Chauffage 1er œuvre','ISITMA / Klima 1. İmalat',15,'#FF4500','Tous niveaux',9,NULL,NULL,'2026-03-06 17:35:32','2026-03-06 17:35:32');
INSERT INTO "lot_templates" ("id","catalog_type","code","name","name_tr","duration_days","color","zone","sort_order","lot_types","parent_code","created_at","updated_at") VALUES('lt_b10','btp','L10','Cloisonnement / Plâtrerie','Bölme / Sıva',25,'#DEB887','Tous niveaux',10,NULL,NULL,'2026-03-06 17:35:32','2026-03-06 17:35:32');
INSERT INTO "lot_templates" ("id","catalog_type","code","name","name_tr","duration_days","color","zone","sort_order","lot_types","parent_code","created_at","updated_at") VALUES('lt_b11','btp','L11','Isolation Thermique','Isı Yalıtımı',10,'#90EE90','Tous niveaux',11,NULL,NULL,'2026-03-06 17:35:32','2026-03-06 17:35:32');
INSERT INTO "lot_templates" ("id","catalog_type","code","name","name_tr","duration_days","color","zone","sort_order","lot_types","parent_code","created_at","updated_at") VALUES('lt_b12','btp','L12','Électricité 2nd œuvre','Elektrik 2. İmalat',10,'#DAA520','Tous niveaux',12,NULL,NULL,'2026-03-06 17:35:32','2026-03-06 17:35:32');
INSERT INTO "lot_templates" ("id","catalog_type","code","name","name_tr","duration_days","color","zone","sort_order","lot_types","parent_code","created_at","updated_at") VALUES('lt_b13','btp','L13','Plomberie 2nd œuvre','Sıhhi Tesisat 2. İmalat',8,'#20B2AA','Tous niveaux',13,NULL,NULL,'2026-03-06 17:35:32','2026-03-06 17:35:32');
INSERT INTO "lot_templates" ("id","catalog_type","code","name","name_tr","duration_days","color","zone","sort_order","lot_types","parent_code","created_at","updated_at") VALUES('lt_b14','btp','L14','Carrelage / Revêtements','Döşeme / Kaplama',15,'#CD853F','Tous niveaux',14,NULL,NULL,'2026-03-06 17:35:32','2026-03-06 17:35:32');
INSERT INTO "lot_templates" ("id","catalog_type","code","name","name_tr","duration_days","color","zone","sort_order","lot_types","parent_code","created_at","updated_at") VALUES('lt_b15','btp','L15','Peinture / Finitions','Boya / Finishing',15,'#FFB6C1','Tous niveaux',15,NULL,NULL,'2026-03-06 17:35:32','2026-03-06 17:35:32');
INSERT INTO "lot_templates" ("id","catalog_type","code","name","name_tr","duration_days","color","zone","sort_order","lot_types","parent_code","created_at","updated_at") VALUES('lt_f01','facade','EC00','Installation échafaudage',NULL,5,'#6B7280',NULL,1,'["ECHAF"]',NULL,'2026-03-06 17:35:32','2026-03-06 17:35:32');
INSERT INTO "lot_templates" ("id","catalog_type","code","name","name_tr","duration_days","color","zone","sort_order","lot_types","parent_code","created_at","updated_at") VALUES('lt_f02','facade','IT10','ITE — Préparation supports',NULL,5,'#1D4ED8',NULL,10,'["ITE"]',NULL,'2026-03-06 17:35:32','2026-03-06 17:35:32');
INSERT INTO "lot_templates" ("id","catalog_type","code","name","name_tr","duration_days","color","zone","sort_order","lot_types","parent_code","created_at","updated_at") VALUES('lt_f03','facade','IT11','Pose isolant',NULL,21,'#3B82F6',NULL,11,'["ITE"]','IT10','2026-03-06 17:35:32','2026-03-06 17:35:32');
INSERT INTO "lot_templates" ("id","catalog_type","code","name","name_tr","duration_days","color","zone","sort_order","lot_types","parent_code","created_at","updated_at") VALUES('lt_f04','facade','IT12','Enduit de finition ITE',NULL,14,'#60A5FA',NULL,12,'["ITE"]','IT10','2026-03-06 17:35:32','2026-03-06 17:35:32');
INSERT INTO "lot_templates" ("id","catalog_type","code","name","name_tr","duration_days","color","zone","sort_order","lot_types","parent_code","created_at","updated_at") VALUES('lt_f05','facade','EN20','Enduit — Préparation supports',NULL,3,'#92400E',NULL,20,'["ENDUIT"]',NULL,'2026-03-06 17:35:32','2026-03-06 17:35:32');
INSERT INTO "lot_templates" ("id","catalog_type","code","name","name_tr","duration_days","color","zone","sort_order","lot_types","parent_code","created_at","updated_at") VALUES('lt_f06','facade','EN21','Application enduit projeté',NULL,14,'#D97706',NULL,21,'["ENDUIT"]','EN20','2026-03-06 17:35:32','2026-03-06 17:35:32');
INSERT INTO "lot_templates" ("id","catalog_type","code","name","name_tr","duration_days","color","zone","sort_order","lot_types","parent_code","created_at","updated_at") VALUES('lt_f07','facade','EN22','Finitions / lissage',NULL,7,'#FCD34D',NULL,22,'["ENDUIT"]','EN20','2026-03-06 17:35:32','2026-03-06 17:35:32');
INSERT INTO "lot_templates" ("id","catalog_type","code","name","name_tr","duration_days","color","zone","sort_order","lot_types","parent_code","created_at","updated_at") VALUES('lt_f08','facade','BA30','Bardage — Ossature',NULL,14,'#065F46',NULL,30,'["BARDAGE"]',NULL,'2026-03-06 17:35:32','2026-03-06 17:35:32');
INSERT INTO "lot_templates" ("id","catalog_type","code","name","name_tr","duration_days","color","zone","sort_order","lot_types","parent_code","created_at","updated_at") VALUES('lt_f09','facade','BA31','Pose parement bardage',NULL,21,'#10B981',NULL,31,'["BARDAGE"]','BA30','2026-03-06 17:35:32','2026-03-06 17:35:32');
INSERT INTO "lot_templates" ("id","catalog_type","code","name","name_tr","duration_days","color","zone","sort_order","lot_types","parent_code","created_at","updated_at") VALUES('lt_f10','facade','LA40','Lasure / Hydrofuge',NULL,5,'#7C3AED',NULL,40,'["LASURE"]',NULL,'2026-03-06 17:35:32','2026-03-06 17:35:32');
INSERT INTO "lot_templates" ("id","catalog_type","code","name","name_tr","duration_days","color","zone","sort_order","lot_types","parent_code","created_at","updated_at") VALUES('lt_f11','facade','RA50','Ravalement — Nettoyage/décapage',NULL,5,'#9F1239',NULL,50,'["RAVALEMENT"]',NULL,'2026-03-06 17:35:32','2026-03-06 17:35:32');
INSERT INTO "lot_templates" ("id","catalog_type","code","name","name_tr","duration_days","color","zone","sort_order","lot_types","parent_code","created_at","updated_at") VALUES('lt_f12','facade','RA51','Réparations / rebouchage',NULL,10,'#E11D48',NULL,51,'["RAVALEMENT"]','RA50','2026-03-06 17:35:32','2026-03-06 17:35:32');
INSERT INTO "lot_templates" ("id","catalog_type","code","name","name_tr","duration_days","color","zone","sort_order","lot_types","parent_code","created_at","updated_at") VALUES('lt_f13','facade','RA52','Finition ravalement',NULL,7,'#F43F5E',NULL,52,'["RAVALEMENT"]','RA50','2026-03-06 17:35:32','2026-03-06 17:35:32');
INSERT INTO "lot_templates" ("id","catalog_type","code","name","name_tr","duration_days","color","zone","sort_order","lot_types","parent_code","created_at","updated_at") VALUES('lt_f14','facade','EC99','Dépose échafaudage',NULL,3,'#4B5563',NULL,99,'["ECHAF"]',NULL,'2026-03-06 17:35:32','2026-03-06 17:35:32');
CREATE TABLE lot_template_deps (
  id            TEXT PRIMARY KEY,
  catalog_type  TEXT NOT NULL DEFAULT 'btp',
  pred_code     TEXT NOT NULL,
  succ_code     TEXT NOT NULL,
  dep_type      TEXT NOT NULL DEFAULT 'FS',
  lag_days      INTEGER NOT NULL DEFAULT 0,
  created_at    TEXT DEFAULT (datetime('now')),
  UNIQUE(catalog_type, pred_code, succ_code)
);
INSERT INTO "lot_template_deps" ("id","catalog_type","pred_code","succ_code","dep_type","lag_days","created_at") VALUES('ltd_b01','btp','L01','L02','FS',0,'2026-03-06 17:35:32');
INSERT INTO "lot_template_deps" ("id","catalog_type","pred_code","succ_code","dep_type","lag_days","created_at") VALUES('ltd_b02','btp','L02','L03','FS',0,'2026-03-06 17:35:32');
INSERT INTO "lot_template_deps" ("id","catalog_type","pred_code","succ_code","dep_type","lag_days","created_at") VALUES('ltd_b03','btp','L03','L04','FS',0,'2026-03-06 17:35:32');
INSERT INTO "lot_template_deps" ("id","catalog_type","pred_code","succ_code","dep_type","lag_days","created_at") VALUES('ltd_b04','btp','L04','L05','SS',5,'2026-03-06 17:35:32');
INSERT INTO "lot_template_deps" ("id","catalog_type","pred_code","succ_code","dep_type","lag_days","created_at") VALUES('ltd_b05','btp','L05','L06','FS',0,'2026-03-06 17:35:32');
INSERT INTO "lot_template_deps" ("id","catalog_type","pred_code","succ_code","dep_type","lag_days","created_at") VALUES('ltd_b06','btp','L02','L07','FS',2,'2026-03-06 17:35:32');
INSERT INTO "lot_template_deps" ("id","catalog_type","pred_code","succ_code","dep_type","lag_days","created_at") VALUES('ltd_b07','btp','L02','L08','FS',2,'2026-03-06 17:35:32');
INSERT INTO "lot_template_deps" ("id","catalog_type","pred_code","succ_code","dep_type","lag_days","created_at") VALUES('ltd_b08','btp','L02','L09','FS',2,'2026-03-06 17:35:32');
INSERT INTO "lot_template_deps" ("id","catalog_type","pred_code","succ_code","dep_type","lag_days","created_at") VALUES('ltd_b09','btp','L07','L10','FS',0,'2026-03-06 17:35:32');
INSERT INTO "lot_template_deps" ("id","catalog_type","pred_code","succ_code","dep_type","lag_days","created_at") VALUES('ltd_b10','btp','L08','L10','FS',0,'2026-03-06 17:35:32');
INSERT INTO "lot_template_deps" ("id","catalog_type","pred_code","succ_code","dep_type","lag_days","created_at") VALUES('ltd_b11','btp','L09','L10','FS',0,'2026-03-06 17:35:32');
INSERT INTO "lot_template_deps" ("id","catalog_type","pred_code","succ_code","dep_type","lag_days","created_at") VALUES('ltd_b12','btp','L07','L08','SS',0,'2026-03-06 17:35:32');
INSERT INTO "lot_template_deps" ("id","catalog_type","pred_code","succ_code","dep_type","lag_days","created_at") VALUES('ltd_b13','btp','L07','L09','SS',0,'2026-03-06 17:35:32');
INSERT INTO "lot_template_deps" ("id","catalog_type","pred_code","succ_code","dep_type","lag_days","created_at") VALUES('ltd_b14','btp','L10','L11','SS',10,'2026-03-06 17:35:32');
INSERT INTO "lot_template_deps" ("id","catalog_type","pred_code","succ_code","dep_type","lag_days","created_at") VALUES('ltd_b15','btp','L10','L12','FS',0,'2026-03-06 17:35:32');
INSERT INTO "lot_template_deps" ("id","catalog_type","pred_code","succ_code","dep_type","lag_days","created_at") VALUES('ltd_b16','btp','L10','L13','FS',0,'2026-03-06 17:35:32');
INSERT INTO "lot_template_deps" ("id","catalog_type","pred_code","succ_code","dep_type","lag_days","created_at") VALUES('ltd_b17','btp','L10','L14','FS',0,'2026-03-06 17:35:32');
INSERT INTO "lot_template_deps" ("id","catalog_type","pred_code","succ_code","dep_type","lag_days","created_at") VALUES('ltd_b18','btp','L14','L15','SS',8,'2026-03-06 17:35:32');
INSERT INTO "lot_template_deps" ("id","catalog_type","pred_code","succ_code","dep_type","lag_days","created_at") VALUES('ltd_f01','facade','EC00','IT10','FS',0,'2026-03-06 17:35:32');
INSERT INTO "lot_template_deps" ("id","catalog_type","pred_code","succ_code","dep_type","lag_days","created_at") VALUES('ltd_f02','facade','EC00','EN20','FS',0,'2026-03-06 17:35:32');
INSERT INTO "lot_template_deps" ("id","catalog_type","pred_code","succ_code","dep_type","lag_days","created_at") VALUES('ltd_f03','facade','EC00','BA30','FS',0,'2026-03-06 17:35:32');
INSERT INTO "lot_template_deps" ("id","catalog_type","pred_code","succ_code","dep_type","lag_days","created_at") VALUES('ltd_f04','facade','EC00','RA50','FS',0,'2026-03-06 17:35:32');
INSERT INTO "lot_template_deps" ("id","catalog_type","pred_code","succ_code","dep_type","lag_days","created_at") VALUES('ltd_f05','facade','IT10','IT11','FS',0,'2026-03-06 17:35:32');
INSERT INTO "lot_template_deps" ("id","catalog_type","pred_code","succ_code","dep_type","lag_days","created_at") VALUES('ltd_f06','facade','IT11','IT12','FS',2,'2026-03-06 17:35:32');
INSERT INTO "lot_template_deps" ("id","catalog_type","pred_code","succ_code","dep_type","lag_days","created_at") VALUES('ltd_f07','facade','EN20','EN21','FS',0,'2026-03-06 17:35:32');
INSERT INTO "lot_template_deps" ("id","catalog_type","pred_code","succ_code","dep_type","lag_days","created_at") VALUES('ltd_f08','facade','EN21','EN22','FS',2,'2026-03-06 17:35:32');
INSERT INTO "lot_template_deps" ("id","catalog_type","pred_code","succ_code","dep_type","lag_days","created_at") VALUES('ltd_f09','facade','BA30','BA31','FS',0,'2026-03-06 17:35:32');
INSERT INTO "lot_template_deps" ("id","catalog_type","pred_code","succ_code","dep_type","lag_days","created_at") VALUES('ltd_f10','facade','RA50','RA51','FS',0,'2026-03-06 17:35:32');
INSERT INTO "lot_template_deps" ("id","catalog_type","pred_code","succ_code","dep_type","lag_days","created_at") VALUES('ltd_f11','facade','RA51','RA52','FS',0,'2026-03-06 17:35:32');
INSERT INTO "lot_template_deps" ("id","catalog_type","pred_code","succ_code","dep_type","lag_days","created_at") VALUES('ltd_f12','facade','IT12','LA40','FS',3,'2026-03-06 17:35:32');
INSERT INTO "lot_template_deps" ("id","catalog_type","pred_code","succ_code","dep_type","lag_days","created_at") VALUES('ltd_f13','facade','EN22','LA40','FS',3,'2026-03-06 17:35:32');
INSERT INTO "lot_template_deps" ("id","catalog_type","pred_code","succ_code","dep_type","lag_days","created_at") VALUES('ltd_f14','facade','RA52','LA40','FS',3,'2026-03-06 17:35:32');
INSERT INTO "lot_template_deps" ("id","catalog_type","pred_code","succ_code","dep_type","lag_days","created_at") VALUES('ltd_f15','facade','IT12','EC99','FS',0,'2026-03-06 17:35:32');
INSERT INTO "lot_template_deps" ("id","catalog_type","pred_code","succ_code","dep_type","lag_days","created_at") VALUES('ltd_f16','facade','EN22','EC99','FS',0,'2026-03-06 17:35:32');
INSERT INTO "lot_template_deps" ("id","catalog_type","pred_code","succ_code","dep_type","lag_days","created_at") VALUES('ltd_f17','facade','BA31','EC99','FS',0,'2026-03-06 17:35:32');
INSERT INTO "lot_template_deps" ("id","catalog_type","pred_code","succ_code","dep_type","lag_days","created_at") VALUES('ltd_f18','facade','LA40','EC99','FS',0,'2026-03-06 17:35:32');
INSERT INTO "lot_template_deps" ("id","catalog_type","pred_code","succ_code","dep_type","lag_days","created_at") VALUES('ltd_f19','facade','RA52','EC99','FS',0,'2026-03-06 17:35:32');
CREATE TABLE platform_menu_config (
  id         TEXT PRIMARY KEY,
  key        TEXT NOT NULL UNIQUE,
  label_fr   TEXT NOT NULL,
  label_tr   TEXT,
  sort_order INTEGER NOT NULL DEFAULT 0,
  is_visible INTEGER NOT NULL DEFAULT 1,
  icon_name  TEXT,
  created_at TEXT DEFAULT (datetime('now')),
  updated_at TEXT DEFAULT (datetime('now'))
);
INSERT INTO "platform_menu_config" ("id","key","label_fr","label_tr","sort_order","is_visible","icon_name","created_at","updated_at") VALUES('menu_01','dashboard','Tableau de bord','Özet',1,1,'house','2026-03-06 17:35:32','2026-03-06 19:58:14');
INSERT INTO "platform_menu_config" ("id","key","label_fr","label_tr","sort_order","is_visible","icon_name","created_at","updated_at") VALUES('menu_02','projects','Chantiers','Şantiyeler',3,1,'folder','2026-03-06 17:35:32','2026-03-06 19:58:14');
INSERT INTO "platform_menu_config" ("id","key","label_fr","label_tr","sort_order","is_visible","icon_name","created_at","updated_at") VALUES('menu_03','clients','Clients','Müşteriler',6,1,'people','2026-03-06 17:35:32','2026-03-06 19:58:15');
INSERT INTO "platform_menu_config" ("id","key","label_fr","label_tr","sort_order","is_visible","icon_name","created_at","updated_at") VALUES('menu_04','planning','Planning global','Genel Planlama',2,1,'calendar','2026-03-06 17:35:32','2026-03-06 19:58:14');
INSERT INTO "platform_menu_config" ("id","key","label_fr","label_tr","sort_order","is_visible","icon_name","created_at","updated_at") VALUES('menu_05','users','Utilisateurs','Kullanıcılar',4,1,'users','2026-03-06 17:35:32','2026-03-06 19:58:15');
INSERT INTO "platform_menu_config" ("id","key","label_fr","label_tr","sort_order","is_visible","icon_name","created_at","updated_at") VALUES('menu_06','teams','Équipes','Takımlar',5,1,'team','2026-03-06 17:35:32','2026-03-06 19:58:15');
INSERT INTO "platform_menu_config" ("id","key","label_fr","label_tr","sort_order","is_visible","icon_name","created_at","updated_at") VALUES('menu_07','company','Mon entreprise','Şirketim',7,1,'building','2026-03-06 17:35:32','2026-03-06 19:58:15');
CREATE INDEX idx_lots_project ON lots(project_id);
CREATE INDEX idx_deps_project ON dependencies(project_id);
CREATE INDEX idx_notifs_user ON notifications(user_id, is_read);
CREATE INDEX idx_refresh_user ON refresh_tokens(user_id);
CREATE INDEX idx_users_company ON users(company_id);
CREATE INDEX idx_projects_company ON projects(company_id);
